campaign_id,campaign_name,start_date,end_date,channel,region,impressions,clicks,conversions,spend_usd,revenue_usd,target_audience,product_category,device,year,data_source
2025_0001,Campaign_2025_0001,2025-03-04,2025-07-20,Display,North America,7696,3587,15144,11046.09,117455.53,Seniors,Services,Desktop,2025,H1_2025
2025_0002,Campaign_2025_0002,2025-04-05,2025-07-25,Print,Asia,79664,30373,75743,16419.25,92144.07,Youth,Home,Tablet,2025,H1_2025
2025_0003,Campaign_2025_0003,2025-03-18,2025-12-06,Print,North America,33324,89728,79251,33333.21,24070.68,Youth,Clothing,Desktop,2025,H1_2025
2025_0004,Campaign_2025_0004,2025-03-09,2025-11-02,Search,Asia,32528,33793,4948,14340.82,13570.48,Adults,Travel,Mobile,2025,H1_2025
2025_0005,Campaign_2025_0005,2025-05-21,2025-09-28,Email,Africa,80785,35905,36563,37133.14,122995.42,Seniors,Services,Tablet,2025,H1_2025
2025_0006,Campaign_2025_0006,2025-06-10,2025-07-10,Display,Europe,36772,17471,49554,43666.36,105757.18,Youth,Electronics,Tablet,2025,H1_2025
2025_0007,Campaign_2025_0007,2025-01-23,2025-08-26,Print,North America,24472,86287,22748,13124.56,50148.15,Adults,Travel,Tablet,2025,H1_2025
2025_0008,Campaign_2025_0008,2025-01-11,2025-09-02,Social,North America,69052,40676,44216,47580.56,94374.81,Youth,Home,Mobile,2025,H1_2025
2025_0009,Campaign_2025_0009,2025-04-08,2025-10-04,Search,Africa,40392,20122,15615,43992.04,7628.78,Seniors,Home,Desktop,2025,H1_2025
2025_0010,Campaign_2025_0010,2025-02-10,2025-08-28,Social,Europe,5099,7826,63524,8850.79,86144.4,Youth,Home,Mobile,2025,H1_2025
2025_0011,Campaign_2025_0011,2025-06-01,2025-12-30,Print,Europe,72585,64187,84135,3256.29,7963.01,Youth,Services,Tablet,2025,H1_2025
2025_0012,Campaign_2025_0012,2025-04-12,2025-08-20,Social,Asia,41576,38403,4505,40198.02,28616.8,Adults,Clothing,Tablet,2025,H1_2025
2025_0013,Campaign_2025_0013,2025-04-22,2025-11-24,Print,Europe,37455,53306,45858,26160.12,1875.52,Youth,Services,Desktop,2025,H1_2025
2025_0014,Campaign_2025_0014,2025-05-25,2025-07-29,Email,Europe,35728,33238,78833,3056.93,37266.0,Youth,Home,Desktop,2025,H1_2025
2025_0015,Campaign_2025_0015,2025-03-06,2025-11-01,Social,South America,16654,35689,77520,16085.04,88279.12,Seniors,Home,Mobile,2025,H1_2025
2025_0016,Campaign_2025_0016,2025-04-28,2025-12-25,Social,Asia,64650,85547,62753,21673.68,105798.48,Adults,Home,Tablet,2025,H1_2025
2025_0017,Campaign_2025_0017,2025-01-04,2025-10-05,Social,North America,1943,46093,6365,44677.14,125526.72,Seniors,Clothing,Tablet,2025,H1_2025
2025_0018,Campaign_2025_0018,2025-06-03,2025-07-15,Social,Asia,42122,81952,62309,22729.45,133884.13,Adults,Electronics,Desktop,2025,H1_2025
2025_0019,Campaign_2025_0019,2025-05-26,2025-10-21,Search,Africa,62629,25782,46756,27201.15,142623.63,Youth,Services,Tablet,2025,H1_2025
2025_0020,Campaign_2025_0020,2025-04-30,2025-09-13,Search,Europe,91640,1301,10907,12242.18,112595.91,Youth,Electronics,Tablet,2025,H1_2025
2025_0021,Campaign_2025_0021,2025-06-23,2025-12-07,Social,Europe,3820,88491,83180,13676.09,96449.58,Youth,Home,Tablet,2025,H1_2025
2025_0022,Campaign_2025_0022,2025-02-03,2025-07-02,Print,South America,22848,32203,18602,27493.14,27194.03,Seniors,Electronics,Desktop,2025,H1_2025
2025_0023,Campaign_2025_0023,2025-03-15,2025-10-17,Social,North America,61940,32499,60342,47320.3,24926.42,Adults,Home,Mobile,2025,H1_2025
2025_0024,Campaign_2025_0024,2025-01-28,2025-12-24,Print,Asia,43575,60960,23487,27433.92,3230.73,Youth,Clothing,Tablet,2025,H1_2025
2025_0025,Campaign_2025_0025,2025-01-14,2025-10-14,Display,Europe,18053,34762,37554,45021.35,99978.37,Youth,Services,Desktop,2025,H1_2025
2025_0026,Campaign_2025_0026,2025-04-26,2025-09-26,Display,Asia,37883,10854,9255,1818.66,51990.41,Adults,Services,Mobile,2025,H1_2025
2025_0027,Campaign_2025_0027,2025-04-01,2025-10-27,Print,North America,89456,15430,14644,12414.06,68831.4,Youth,Home,Mobile,2025,H1_2025
2025_0028,Campaign_2025_0028,2025-02-11,2025-08-02,Search,Africa,25343,30672,32072,2477.15,144770.71,Seniors,Electronics,Mobile,2025,H1_2025
2025_0029,Campaign_2025_0029,2025-05-05,2025-07-06,Social,Europe,67696,5524,83369,35328.28,35799.86,Adults,Travel,Mobile,2025,H1_2025
2025_0030,Campaign_2025_0030,2025-06-14,2025-07-12,Search,Asia,31204,15737,48960,19258.95,58791.75,Youth,Clothing,Desktop,2025,H1_2025
2025_0031,Campaign_2025_0031,2025-02-12,2025-09-25,Display,South America,74153,80037,83287,43968.69,11965.15,Seniors,Clothing,Desktop,2025,H1_2025
2025_0032,Campaign_2025_0032,2025-03-21,2025-08-08,Display,Europe,58109,52170,59494,16970.47,118243.86,Youth,Clothing,Tablet,2025,H1_2025
2025_0033,Campaign_2025_0033,2025-05-08,2025-11-10,Search,North America,36909,61141,62949,10410.55,103990.57,Youth,Home,Desktop,2025,H1_2025
2025_0034,Campaign_2025_0034,2025-04-12,2025-10-15,Search,North America,78380,42515,37687,45460.45,10137.28,Adults,Electronics,Desktop,2025,H1_2025
2025_0035,Campaign_2025_0035,2025-02-12,2025-08-06,Display,South America,15664,32370,13951,39879.21,118369.17,Youth,Electronics,Mobile,2025,H1_2025
2025_0036,Campaign_2025_0036,2025-06-09,2025-11-25,Social,South America,77632,84903,62942,19559.99,19587.63,Youth,Travel,Mobile,2025,H1_2025
2025_0037,Campaign_2025_0037,2025-02-22,2025-07-18,Email,Asia,90169,5701,25529,45481.77,56733.52,Adults,Travel,Mobile,2025,H1_2025
2025_0038,Campaign_2025_0038,2025-04-06,2025-09-16,Social,South America,28173,26446,11621,7531.2,125674.95,Youth,Electronics,Tablet,2025,H1_2025
2025_0039,Campaign_2025_0039,2025-03-15,2025-07-10,Search,Africa,24689,59154,67201,46823.87,148456.99,Adults,Travel,Desktop,2025,H1_2025
2025_0040,Campaign_2025_0040,2025-03-11,2025-07-22,Search,Africa,67405,884,15323,23362.36,110941.46,Youth,Electronics,Desktop,2025,H1_2025
2025_0041,Campaign_2025_0041,2025-03-27,2025-12-11,Email,Asia,52825,88142,23353,17807.46,122472.04,Adults,Electronics,Desktop,2025,H1_2025
2025_0042,Campaign_2025_0042,2025-02-22,2025-08-14,Email,South America,78411,35576,68966,12571.53,126155.19,Youth,Clothing,Desktop,2025,H1_2025
2025_0043,Campaign_2025_0043,2025-04-03,2025-07-22,Email,South America,39274,75508,18837,19476.84,71399.16,Adults,Electronics,Desktop,2025,H1_2025
2025_0044,Campaign_2025_0044,2025-05-26,2025-11-06,Social,South America,87522,66187,30,8398.63,69731.43,Seniors,Home,Desktop,2025,H1_2025
2025_0045,Campaign_2025_0045,2025-02-25,2025-07-28,Social,South America,80504,4811,19301,47356.89,147978.13,Seniors,Travel,Tablet,2025,H1_2025
2025_0046,Campaign_2025_0046,2025-03-04,2025-08-28,Search,Africa,8933,74986,48742,10213.07,142753.69,Adults,Clothing,Tablet,2025,H1_2025
2025_0047,Campaign_2025_0047,2025-06-30,2025-08-27,Search,Europe,72387,25256,76773,10771.45,91877.36,Youth,Clothing,Desktop,2025,H1_2025
2025_0048,Campaign_2025_0048,2025-02-10,2025-08-16,Search,South America,62759,52355,81494,28351.11,52949.44,Adults,Home,Tablet,2025,H1_2025
2025_0049,Campaign_2025_0049,2025-06-23,2025-11-23,Print,South America,56751,61664,23586,47542.4,82521.18,Adults,Clothing,Mobile,2025,H1_2025
2025_0050,Campaign_2025_0050,2025-06-02,2025-08-13,Social,Africa,87636,61321,40584,24096.02,108998.69,Adults,Services,Tablet,2025,H1_2025
2025_0051,Campaign_2025_0051,2025-03-21,2025-09-20,Search,Africa,83617,44322,21061,1119.5,149390.3,Seniors,Electronics,Tablet,2025,H1_2025
2025_0052,Campaign_2025_0052,2025-02-20,2025-09-05,Email,North America,72602,1533,22485,13206.78,7492.78,Adults,Travel,Desktop,2025,H1_2025
2025_0053,Campaign_2025_0053,2025-03-14,2025-12-08,Print,Africa,13574,53227,71441,24448.11,93588.28,Adults,Services,Tablet,2025,H1_2025
2025_0054,Campaign_2025_0054,2025-04-29,2025-09-25,Email,Asia,80262,29395,50732,35192.95,143821.72,Adults,Home,Tablet,2025,H1_2025
2025_0055,Campaign_2025_0055,2025-01-16,2025-11-27,Social,Africa,7032,16029,70395,28865.2,14918.76,Youth,Travel,Tablet,2025,H1_2025
2025_0056,Campaign_2025_0056,2025-01-26,2025-10-31,Email,Asia,41393,48036,40585,1862.73,111638.92,Youth,Services,Tablet,2025,H1_2025
2025_0057,Campaign_2025_0057,2025-04-14,2025-11-25,Email,North America,84401,63456,17084,10200.64,66349.03,Seniors,Home,Mobile,2025,H1_2025
2025_0058,Campaign_2025_0058,2025-01-22,2025-11-14,Social,Africa,36167,31519,72157,27258.59,131230.07,Seniors,Travel,Desktop,2025,H1_2025
2025_0059,Campaign_2025_0059,2025-01-19,2025-12-23,Print,Asia,12229,75160,39579,44373.92,99506.63,Youth,Clothing,Mobile,2025,H1_2025
2025_0060,Campaign_2025_0060,2025-05-18,2025-12-24,Print,Asia,56129,77427,35896,49450.18,147153.06,Adults,Electronics,Desktop,2025,H1_2025
2025_0061,Campaign_2025_0061,2025-06-10,2025-07-29,Display,Europe,81053,14718,47795,14324.9,114396.51,Adults,Services,Tablet,2025,H1_2025
2025_0062,Campaign_2025_0062,2025-03-03,2025-08-01,Email,Africa,20997,30103,13931,11922.35,33473.68,Adults,Travel,Mobile,2025,H1_2025
2025_0063,Campaign_2025_0063,2025-02-06,2025-12-07,Print,North America,28824,47894,29748,7978.9,40178.29,Seniors,Electronics,Tablet,2025,H1_2025
2025_0064,Campaign_2025_0064,2025-04-09,2025-08-11,Print,Africa,48357,85548,78648,47086.04,23374.05,Youth,Services,Mobile,2025,H1_2025
2025_0065,Campaign_2025_0065,2025-01-17,2025-12-15,Search,South America,21030,83467,57206,39491.8,73132.39,Adults,Travel,Tablet,2025,H1_2025
2025_0066,Campaign_2025_0066,2025-01-16,2025-10-30,Search,Africa,50370,21138,5961,6239.54,16839.04,Seniors,Clothing,Mobile,2025,H1_2025
2025_0067,Campaign_2025_0067,2025-03-28,2025-11-19,Email,Africa,72888,88796,70572,42872.42,20428.74,Youth,Home,Mobile,2025,H1_2025
2025_0068,Campaign_2025_0068,2025-01-23,2025-10-07,Social,Africa,37891,38993,40310,26852.07,54406.6,Youth,Electronics,Mobile,2025,H1_2025
2025_0069,Campaign_2025_0069,2025-04-03,2025-08-19,Display,South America,4171,57188,47802,8515.74,39254.96,Youth,Electronics,Tablet,2025,H1_2025
2025_0070,Campaign_2025_0070,2025-01-29,2025-07-04,Email,Europe,58340,16958,20872,27522.99,67391.83,Adults,Travel,Tablet,2025,H1_2025
2025_0071,Campaign_2025_0071,2025-03-29,2025-09-20,Print,Europe,73492,56192,60318,45833.9,121133.41,Seniors,Services,Tablet,2025,H1_2025
2025_0072,Campaign_2025_0072,2025-04-26,2025-08-18,Social,South America,88872,622,78682,15243.55,97378.58,Youth,Electronics,Tablet,2025,H1_2025
2025_0073,Campaign_2025_0073,2025-02-08,2025-08-12,Display,North America,73924,56653,56602,47228.19,77492.87,Adults,Services,Desktop,2025,H1_2025
2025_0074,Campaign_2025_0074,2025-03-01,2025-07-16,Print,Europe,22566,21690,67900,24688.23,140933.05,Seniors,Home,Tablet,2025,H1_2025
2025_0075,Campaign_2025_0075,2025-04-05,2025-11-13,Email,Europe,43368,80436,50568,17404.58,107900.62,Seniors,Home,Mobile,2025,H1_2025
2025_0076,Campaign_2025_0076,2025-04-21,2025-08-08,Email,North America,32803,18320,61954,45810.35,53483.99,Adults,Services,Mobile,2025,H1_2025
2025_0077,Campaign_2025_0077,2025-03-06,2025-09-24,Email,Asia,43248,84103,3140,14316.63,9638.99,Youth,Services,Mobile,2025,H1_2025
2025_0078,Campaign_2025_0078,2025-06-14,2025-10-25,Social,Africa,10582,79799,51181,18081.65,43187.28,Adults,Services,Mobile,2025,H1_2025
2025_0079,Campaign_2025_0079,2025-05-02,2025-08-16,Print,Europe,69778,76166,74903,48473.37,22737.65,Adults,Travel,Mobile,2025,H1_2025
2025_0080,Campaign_2025_0080,2025-05-21,2025-11-23,Social,North America,66560,286,53228,19173.01,25751.15,Youth,Home,Mobile,2025,H1_2025
2025_0081,Campaign_2025_0081,2025-03-27,2025-08-28,Search,Europe,64038,4621,41608,22293.93,34517.05,Seniors,Electronics,Desktop,2025,H1_2025
2025_0082,Campaign_2025_0082,2025-04-16,2025-12-17,Social,Africa,94216,89352,14979,38327.04,149652.68,Adults,Services,Tablet,2025,H1_2025
2025_0083,Campaign_2025_0083,2025-02-25,2025-08-16,Social,Asia,69201,80269,76980,43763.35,110912.29,Seniors,Travel,Desktop,2025,H1_2025
2025_0084,Campaign_2025_0084,2025-02-09,2025-07-31,Print,South America,15877,84578,42476,5628.9,139828.33,Youth,Home,Desktop,2025,H1_2025
2025_0085,Campaign_2025_0085,2025-05-07,2025-11-15,Search,Africa,59951,50983,39577,35124.89,4791.92,Adults,Electronics,Desktop,2025,H1_2025
2025_0086,Campaign_2025_0086,2025-01-13,2025-12-27,Search,North America,71122,73620,65641,24834.92,120340.24,Adults,Electronics,Mobile,2025,H1_2025
2025_0087,Campaign_2025_0087,2025-06-17,2025-10-30,Social,Europe,53481,37379,11703,48576.66,38538.19,Adults,Clothing,Desktop,2025,H1_2025
2025_0088,Campaign_2025_0088,2025-01-29,2025-09-12,Social,Europe,46115,64813,7665,19153.09,88892.9,Seniors,Electronics,Mobile,2025,H1_2025
2025_0089,Campaign_2025_0089,2025-04-10,2025-08-31,Search,Asia,35733,17365,52623,36023.91,37826.94,Youth,Services,Tablet,2025,H1_2025
2025_0090,Campaign_2025_0090,2025-05-30,2025-12-26,Display,Asia,23111,80047,20420,23679.17,106504.65,Youth,Travel,Desktop,2025,H1_2025
2025_0091,Campaign_2025_0091,2025-03-17,2025-10-03,Print,Europe,11757,73624,73663,29796.62,82898.72,Youth,Services,Mobile,2025,H1_2025
2025_0092,Campaign_2025_0092,2025-04-05,2025-09-10,Email,South America,7814,77810,17536,26069.41,41907.95,Adults,Electronics,Mobile,2025,H1_2025
2025_0093,Campaign_2025_0093,2025-02-05,2025-10-10,Search,Asia,69818,9761,45383,1215.61,72698.57,Seniors,Services,Mobile,2025,H1_2025
2025_0094,Campaign_2025_0094,2025-05-12,2025-08-24,Social,North America,9986,19578,64606,40260.47,51196.65,Youth,Home,Tablet,2025,H1_2025
2025_0095,Campaign_2025_0095,2025-05-07,2025-10-31,Display,Europe,73871,26614,49466,39881.41,88906.57,Youth,Electronics,Tablet,2025,H1_2025
2025_0096,Campaign_2025_0096,2025-01-14,2025-10-01,Search,North America,62642,49522,58891,22792.0,107896.33,Youth,Travel,Desktop,2025,H1_2025
2025_0097,Campaign_2025_0097,2025-03-30,2025-12-06,Search,Europe,4141,38118,70224,47687.85,6640.8,Youth,Home,Desktop,2025,H1_2025
2025_0098,Campaign_2025_0098,2025-05-16,2025-11-22,Social,North America,63675,10671,18780,23318.98,108208.46,Adults,Home,Tablet,2025,H1_2025
2025_0099,Campaign_2025_0099,2025-06-02,2025-11-19,Email,Africa,2282,52044,62111,2990.09,136954.08,Adults,Services,Mobile,2025,H1_2025
2025_0100,Campaign_2025_0100,2025-01-07,2025-07-17,Email,Europe,69646,80157,72140,28875.54,74145.7,Seniors,Services,Mobile,2025,H1_2025
2025_0101,Campaign_2025_0101,2025-05-07,2025-09-11,Email,Africa,47308,50600,45875,26257.01,50945.51,Youth,Electronics,Desktop,2025,H1_2025
2025_0102,Campaign_2025_0102,2025-01-12,2025-10-19,Display,South America,98690,51159,82463,47949.94,4776.76,Adults,Clothing,Desktop,2025,H1_2025
2025_0103,Campaign_2025_0103,2025-04-07,2025-11-22,Display,North America,81960,35998,26170,41361.36,33128.23,Seniors,Clothing,Desktop,2025,H1_2025
2025_0104,Campaign_2025_0104,2025-03-21,2025-09-11,Display,Africa,56481,12848,12837,40206.08,13595.83,Youth,Home,Tablet,2025,H1_2025
2025_0105,Campaign_2025_0105,2025-05-23,2025-10-13,Print,Africa,62291,13930,82202,44278.21,24841.59,Seniors,Electronics,Desktop,2025,H1_2025
2025_0106,Campaign_2025_0106,2025-01-09,2025-10-01,Email,Europe,13952,41635,29862,3176.52,145429.0,Adults,Travel,Desktop,2025,H1_2025
2025_0107,Campaign_2025_0107,2025-06-15,2025-07-22,Email,Africa,38249,52254,37703,16232.15,112430.44,Seniors,Travel,Mobile,2025,H1_2025
2025_0108,Campaign_2025_0108,2025-02-10,2025-07-31,Search,Africa,8447,48294,13689,24219.55,9383.87,Adults,Home,Desktop,2025,H1_2025
2025_0109,Campaign_2025_0109,2025-03-17,2025-11-05,Email,South America,2435,67902,8612,48699.42,3095.38,Seniors,Home,Tablet,2025,H1_2025
2025_0110,Campaign_2025_0110,2025-03-15,2025-07-03,Print,Africa,67407,14950,19702,45162.98,47514.85,Seniors,Services,Desktop,2025,H1_2025
2025_0111,Campaign_2025_0111,2025-06-21,2025-09-01,Social,Asia,40983,25875,55408,29863.13,18700.57,Seniors,Services,Desktop,2025,H1_2025
2025_0112,Campaign_2025_0112,2025-05-20,2025-07-05,Display,Europe,53756,42568,31701,24344.86,115487.25,Adults,Clothing,Mobile,2025,H1_2025
2025_0113,Campaign_2025_0113,2025-01-29,2025-09-28,Search,Africa,97829,71810,38850,11747.1,39436.48,Seniors,Services,Mobile,2025,H1_2025
2025_0114,Campaign_2025_0114,2025-03-13,2025-09-07,Email,Africa,54251,76051,4125,23660.45,60094.07,Seniors,Electronics,Desktop,2025,H1_2025
2025_0115,Campaign_2025_0115,2025-01-30,2025-08-30,Email,North America,91560,42430,78875,25112.09,65676.26,Youth,Home,Mobile,2025,H1_2025
2025_0116,Campaign_2025_0116,2025-06-19,2025-10-27,Print,North America,11715,57578,16667,5977.14,110185.61,Seniors,Electronics,Tablet,2025,H1_2025
2025_0117,Campaign_2025_0117,2025-05-26,2025-11-12,Social,South America,50510,71946,43322,31478.39,61701.84,Adults,Electronics,Tablet,2025,H1_2025
2025_0118,Campaign_2025_0118,2025-06-29,2025-11-28,Display,Asia,67395,31909,3930,2930.86,119331.76,Seniors,Home,Desktop,2025,H1_2025
2025_0119,Campaign_2025_0119,2025-06-21,2025-09-15,Display,North America,59049,85260,41609,47836.94,27999.04,Seniors,Electronics,Desktop,2025,H1_2025
2025_0120,Campaign_2025_0120,2025-04-11,2025-07-25,Social,Africa,72452,85894,30824,23511.3,50356.03,Seniors,Travel,Desktop,2025,H1_2025
2025_0121,Campaign_2025_0121,2025-05-17,2025-11-16,Social,North America,40246,28763,34644,7778.68,39205.62,Seniors,Home,Desktop,2025,H1_2025
2025_0122,Campaign_2025_0122,2025-04-26,2025-08-09,Display,North America,18237,49601,2324,16965.59,87370.76,Adults,Services,Tablet,2025,H1_2025
2025_0123,Campaign_2025_0123,2025-01-25,2025-11-26,Email,South America,45615,40070,21765,18393.36,98183.05,Youth,Home,Tablet,2025,H1_2025
2025_0124,Campaign_2025_0124,2025-06-23,2025-09-13,Email,South America,95286,61125,38439,5682.36,8420.82,Seniors,Clothing,Tablet,2025,H1_2025
2025_0125,Campaign_2025_0125,2025-05-04,2025-08-10,Print,Europe,77235,2142,81365,35527.88,116856.06,Adults,Electronics,Tablet,2025,H1_2025
2025_0126,Campaign_2025_0126,2025-04-17,2025-09-02,Search,South America,96082,53374,378,24696.56,113769.77,Adults,Electronics,Tablet,2025,H1_2025
2025_0127,Campaign_2025_0127,2025-05-31,2025-08-03,Social,Africa,12411,64905,31702,2903.25,65679.44,Adults,Electronics,Desktop,2025,H1_2025
2025_0128,Campaign_2025_0128,2025-04-08,2025-07-01,Email,Africa,86914,39988,11515,47108.85,13549.0,Youth,Travel,Mobile,2025,H1_2025
2025_0129,Campaign_2025_0129,2025-01-14,2025-07-11,Search,Africa,44765,77524,84344,30825.54,4868.66,Adults,Clothing,Tablet,2025,H1_2025
2025_0130,Campaign_2025_0130,2025-06-17,2025-10-08,Search,South America,55259,56667,56328,29292.16,84668.13,Youth,Travel,Mobile,2025,H1_2025
2025_0131,Campaign_2025_0131,2025-04-11,2025-12-29,Display,North America,40749,1943,27536,30617.58,121327.11,Adults,Services,Tablet,2025,H1_2025
2025_0132,Campaign_2025_0132,2025-01-07,2025-09-04,Print,North America,5095,1190,8193,13609.55,56914.12,Youth,Electronics,Mobile,2025,H1_2025
2025_0133,Campaign_2025_0133,2025-02-09,2025-11-06,Search,Asia,94487,83631,79161,13231.13,132794.19,Adults,Electronics,Desktop,2025,H1_2025
2025_0134,Campaign_2025_0134,2025-02-07,2025-08-30,Print,South America,13160,30451,13386,13356.6,143327.85,Youth,Services,Mobile,2025,H1_2025
2025_0135,Campaign_2025_0135,2025-06-02,2025-12-07,Print,Asia,40943,33015,83716,10490.4,38200.12,Youth,Home,Tablet,2025,H1_2025
2025_0136,Campaign_2025_0136,2025-05-30,2025-11-11,Email,Asia,71911,83926,62487,8501.13,137766.02,Seniors,Clothing,Tablet,2025,H1_2025
2025_0137,Campaign_2025_0137,2025-03-13,2025-09-01,Social,Europe,38717,57782,20315,11665.11,149569.44,Youth,Electronics,Desktop,2025,H1_2025
2025_0138,Campaign_2025_0138,2025-03-14,2025-09-02,Email,Europe,87940,28153,28578,45709.0,8418.2,Adults,Travel,Mobile,2025,H1_2025
2025_0139,Campaign_2025_0139,2025-01-14,2025-08-03,Display,Africa,25380,24683,80191,19496.36,108002.4,Seniors,Travel,Mobile,2025,H1_2025
2025_0140,Campaign_2025_0140,2025-05-11,2025-07-05,Print,South America,95098,86395,11392,14391.78,106369.25,Adults,Electronics,Desktop,2025,H1_2025
2025_0141,Campaign_2025_0141,2025-06-03,2025-12-08,Social,North America,48668,77179,6415,37347.05,88291.47,Youth,Electronics,Desktop,2025,H1_2025
2025_0142,Campaign_2025_0142,2025-05-31,2025-09-01,Print,Africa,62493,42872,2375,40476.68,30540.55,Adults,Travel,Desktop,2025,H1_2025
2025_0143,Campaign_2025_0143,2025-05-22,2025-08-07,Print,South America,1662,6293,81590,4127.22,133060.76,Seniors,Electronics,Desktop,2025,H1_2025
2025_0144,Campaign_2025_0144,2025-04-10,2025-11-19,Social,Asia,15182,75350,68944,22974.78,74836.86,Youth,Home,Desktop,2025,H1_2025
2025_0145,Campaign_2025_0145,2025-02-24,2025-07-24,Social,North America,22904,13443,48128,11973.76,49083.48,Seniors,Travel,Mobile,2025,H1_2025
2025_0146,Campaign_2025_0146,2025-05-04,2025-10-08,Social,North America,92617,7032,47399,25985.97,96848.95,Youth,Travel,Desktop,2025,H1_2025
2025_0147,Campaign_2025_0147,2025-03-18,2025-08-13,Search,Asia,36713,68139,58951,25638.15,101870.62,Seniors,Services,Mobile,2025,H1_2025
2025_0148,Campaign_2025_0148,2025-05-25,2025-07-19,Search,Asia,95269,77105,55222,43097.83,37668.14,Youth,Electronics,Mobile,2025,H1_2025
2025_0149,Campaign_2025_0149,2025-02-22,2025-09-14,Email,Europe,45911,64640,8399,36586.61,107543.51,Seniors,Services,Desktop,2025,H1_2025
2025_0150,Campaign_2025_0150,2025-04-19,2025-12-31,Social,Africa,5082,12456,68205,7663.34,12152.77,Youth,Clothing,Mobile,2025,H1_2025
2025_0151,Campaign_2025_0151,2025-06-16,2025-07-16,Social,Africa,91303,88466,8046,7466.94,79119.62,Seniors,Clothing,Desktop,2025,H1_2025
2025_0152,Campaign_2025_0152,2025-06-14,2025-07-09,Display,Asia,51734,75960,54238,9252.01,23247.32,Seniors,Services,Mobile,2025,H1_2025
2025_0153,Campaign_2025_0153,2025-06-23,2025-08-05,Search,Europe,89176,14598,5934,32645.77,106225.15,Adults,Travel,Tablet,2025,H1_2025
2025_0154,Campaign_2025_0154,2025-06-20,2025-08-02,Print,Africa,90823,11102,25414,7049.75,116170.18,Youth,Home,Mobile,2025,H1_2025
2025_0155,Campaign_2025_0155,2025-01-10,2025-09-07,Print,Asia,88440,75461,12300,49418.44,41385.37,Seniors,Travel,Tablet,2025,H1_2025
2025_0156,Campaign_2025_0156,2025-06-18,2025-10-29,Social,Asia,81514,39470,36817,42761.19,129029.83,Youth,Services,Tablet,2025,H1_2025
2025_0157,Campaign_2025_0157,2025-06-30,2025-07-17,Social,Africa,88482,64045,2098,33694.22,36356.5,Youth,Home,Mobile,2025,H1_2025
2025_0158,Campaign_2025_0158,2025-03-19,2025-10-01,Search,Europe,16687,24158,38681,45146.73,116196.8,Seniors,Travel,Tablet,2025,H1_2025
2025_0159,Campaign_2025_0159,2025-05-02,2025-09-01,Email,North America,99176,56818,54655,46756.04,57316.64,Adults,Home,Mobile,2025,H1_2025
2025_0160,Campaign_2025_0160,2025-01-30,2025-10-02,Display,Asia,60676,32880,1971,49785.03,149615.41,Adults,Services,Desktop,2025,H1_2025
2025_0161,Campaign_2025_0161,2025-06-01,2025-10-24,Print,South America,84715,61404,69497,22647.34,61086.97,Seniors,Electronics,Mobile,2025,H1_2025
2025_0162,Campaign_2025_0162,2025-05-04,2025-10-09,Display,Europe,24631,22790,29618,43805.1,7434.31,Adults,Home,Mobile,2025,H1_2025
2025_0163,Campaign_2025_0163,2025-05-30,2025-07-03,Print,Asia,79692,87421,82435,22098.1,69524.66,Adults,Home,Desktop,2025,H1_2025
2025_0164,Campaign_2025_0164,2025-05-04,2025-12-21,Email,South America,24328,87192,26269,34190.9,22468.24,Youth,Electronics,Mobile,2025,H1_2025
2025_0165,Campaign_2025_0165,2025-03-01,2025-08-23,Social,Asia,88616,47636,7471,44083.46,39770.63,Adults,Electronics,Mobile,2025,H1_2025
2025_0166,Campaign_2025_0166,2025-06-13,2025-09-13,Display,South America,98223,73842,7995,3953.67,66186.38,Youth,Electronics,Tablet,2025,H1_2025
2025_0167,Campaign_2025_0167,2025-04-22,2025-10-08,Display,Africa,50336,47016,47909,45063.36,117880.27,Seniors,Electronics,Desktop,2025,H1_2025
2025_0168,Campaign_2025_0168,2025-04-04,2025-12-06,Print,Europe,35585,36534,69834,28808.78,91950.97,Seniors,Clothing,Tablet,2025,H1_2025
2025_0169,Campaign_2025_0169,2025-06-02,2025-07-01,Display,Europe,3129,39521,19908,2304.5,79137.58,Seniors,Travel,Tablet,2025,H1_2025
2025_0170,Campaign_2025_0170,2025-05-17,2025-11-17,Social,Asia,48252,40297,58188,8337.98,43374.03,Seniors,Travel,Tablet,2025,H1_2025
2025_0171,Campaign_2025_0171,2025-04-15,2025-10-08,Print,North America,28562,5904,70970,40458.06,121920.58,Youth,Electronics,Mobile,2025,H1_2025
2025_0172,Campaign_2025_0172,2025-06-12,2025-10-23,Email,Asia,28745,43230,76569,3275.45,53376.09,Adults,Travel,Tablet,2025,H1_2025
2025_0173,Campaign_2025_0173,2025-04-01,2025-09-12,Print,North America,85371,82493,45766,19355.09,62220.17,Seniors,Travel,Desktop,2025,H1_2025
2025_0174,Campaign_2025_0174,2025-04-09,2025-08-27,Social,South America,53305,20391,56272,22659.8,21370.18,Adults,Travel,Tablet,2025,H1_2025
2025_0175,Campaign_2025_0175,2025-04-23,2025-09-23,Display,South America,14661,19525,49418,34430.88,148530.58,Youth,Travel,Desktop,2025,H1_2025
2025_0176,Campaign_2025_0176,2025-03-20,2025-10-21,Display,Europe,4564,63822,29629,17174.01,24841.91,Youth,Travel,Mobile,2025,H1_2025
2025_0177,Campaign_2025_0177,2025-01-26,2025-09-07,Print,Asia,47947,81378,74831,15495.35,36913.42,Seniors,Travel,Mobile,2025,H1_2025
2025_0178,Campaign_2025_0178,2025-04-10,2025-09-20,Social,North America,62278,8320,66727,27329.63,147214.79,Adults,Travel,Tablet,2025,H1_2025
2025_0179,Campaign_2025_0179,2025-06-05,2025-10-02,Social,Africa,21978,80241,42133,32799.15,109066.51,Adults,Clothing,Desktop,2025,H1_2025
2025_0180,Campaign_2025_0180,2025-06-11,2025-07-30,Search,South America,91648,7287,31350,47399.82,8890.76,Youth,Services,Desktop,2025,H1_2025
2025_0181,Campaign_2025_0181,2025-01-11,2025-09-23,Search,Europe,73484,62522,22275,11513.21,143470.26,Youth,Clothing,Desktop,2025,H1_2025
2025_0182,Campaign_2025_0182,2025-03-04,2025-10-07,Print,North America,83202,71156,17178,10158.91,11413.37,Youth,Electronics,Desktop,2025,H1_2025
2025_0183,Campaign_2025_0183,2025-06-21,2025-11-25,Search,South America,35472,78940,84813,3217.36,95236.31,Youth,Clothing,Mobile,2025,H1_2025
2025_0184,Campaign_2025_0184,2025-03-29,2025-11-01,Display,Africa,37099,20927,53906,36763.22,54572.59,Seniors,Travel,Mobile,2025,H1_2025
2025_0185,Campaign_2025_0185,2025-06-24,2025-07-01,Email,Africa,69733,5477,16509,43957.62,108351.2,Youth,Clothing,Tablet,2025,H1_2025
2025_0186,Campaign_2025_0186,2025-02-17,2025-10-25,Social,South America,86071,89575,16200,33301.34,117807.78,Adults,Travel,Mobile,2025,H1_2025
2025_0187,Campaign_2025_0187,2025-01-13,2025-12-14,Search,Europe,12206,65017,5276,1626.76,134657.28,Seniors,Services,Tablet,2025,H1_2025
2025_0188,Campaign_2025_0188,2025-06-19,2025-10-20,Search,North America,12531,72690,69603,46271.11,54031.38,Youth,Travel,Desktop,2025,H1_2025
2025_0189,Campaign_2025_0189,2025-06-19,2025-12-26,Search,Asia,81705,3230,53235,26674.55,69084.33,Adults,Travel,Tablet,2025,H1_2025
2025_0190,Campaign_2025_0190,2025-03-07,2025-12-01,Social,North America,9012,80307,71814,11004.58,65587.58,Adults,Services,Tablet,2025,H1_2025
2025_0191,Campaign_2025_0191,2025-06-24,2025-11-12,Email,Africa,13316,74027,37076,21481.84,36104.11,Seniors,Travel,Mobile,2025,H1_2025
2025_0192,Campaign_2025_0192,2025-04-19,2025-11-08,Email,Africa,36353,27163,26344,36000.31,131647.24,Youth,Home,Mobile,2025,H1_2025
2025_0193,Campaign_2025_0193,2025-06-14,2025-07-13,Display,Asia,95248,82383,30572,6599.93,1098.66,Adults,Clothing,Mobile,2025,H1_2025
2025_0194,Campaign_2025_0194,2025-04-01,2025-10-14,Search,Asia,24066,20881,49023,22050.7,72906.92,Adults,Home,Mobile,2025,H1_2025
2025_0195,Campaign_2025_0195,2025-05-19,2025-10-09,Search,Europe,7787,71460,18750,44008.44,64983.59,Adults,Electronics,Desktop,2025,H1_2025
2025_0196,Campaign_2025_0196,2025-03-04,2025-11-11,Email,South America,77242,37373,2704,24174.12,100193.68,Adults,Clothing,Mobile,2025,H1_2025
2025_0197,Campaign_2025_0197,2025-06-26,2025-12-31,Print,Europe,18657,65789,22442,37921.73,20058.62,Seniors,Travel,Desktop,2025,H1_2025
2025_0198,Campaign_2025_0198,2025-03-03,2025-10-07,Email,South America,2856,21177,6563,21412.03,147229.65,Adults,Services,Tablet,2025,H1_2025
2025_0199,Campaign_2025_0199,2025-03-25,2025-12-07,Print,Europe,97607,52171,77277,20517.69,73192.54,Adults,Services,Tablet,2025,H1_2025
2025_0200,Campaign_2025_0200,2025-06-17,2025-12-28,Display,North America,14966,55967,61560,38882.56,25122.72,Seniors,Travel,Tablet,2025,H1_2025
2025_0201,Campaign_2025_0201,2025-03-22,2025-12-22,Social,Asia,26288,34782,43517,40101.56,118124.26,Youth,Electronics,Desktop,2025,H1_2025
2025_0202,Campaign_2025_0202,2025-01-25,2025-07-21,Search,South America,23760,35671,2423,28338.88,62767.38,Youth,Electronics,Mobile,2025,H1_2025
2025_0203,Campaign_2025_0203,2025-04-25,2025-09-13,Email,Europe,18441,1892,3472,20972.17,22978.93,Adults,Clothing,Desktop,2025,H1_2025
2025_0204,Campaign_2025_0204,2025-03-26,2025-09-07,Print,South America,63486,87201,51677,18633.05,48210.38,Adults,Services,Mobile,2025,H1_2025
2025_0205,Campaign_2025_0205,2025-01-05,2025-09-24,Email,Asia,87948,30051,14444,29073.01,100034.72,Seniors,Clothing,Tablet,2025,H1_2025
2025_0206,Campaign_2025_0206,2025-02-16,2025-12-14,Search,Europe,60347,17561,12477,34437.9,3810.97,Youth,Electronics,Mobile,2025,H1_2025
2025_0207,Campaign_2025_0207,2025-05-20,2025-11-25,Social,South America,55788,11554,53430,46866.05,138406.7,Seniors,Travel,Desktop,2025,H1_2025
2025_0208,Campaign_2025_0208,2025-01-13,2025-08-10,Search,Africa,38613,58654,21538,6069.4,56978.53,Adults,Services,Mobile,2025,H1_2025
2025_0209,Campaign_2025_0209,2025-06-26,2025-11-01,Search,South America,9893,11787,64648,9117.05,81862.51,Youth,Services,Tablet,2025,H1_2025
2025_0210,Campaign_2025_0210,2025-02-18,2025-07-28,Print,Europe,68486,77392,21038,20061.86,112380.0,Youth,Travel,Desktop,2025,H1_2025
2025_0211,Campaign_2025_0211,2025-03-04,2025-07-23,Search,Africa,39462,47223,9408,13194.5,138245.82,Seniors,Clothing,Mobile,2025,H1_2025
2025_0212,Campaign_2025_0212,2025-03-06,2025-07-29,Print,Europe,27176,75013,33284,18740.23,53556.88,Adults,Electronics,Mobile,2025,H1_2025
2025_0213,Campaign_2025_0213,2025-01-04,2025-10-11,Social,Europe,40543,29522,41140,42057.82,134463.3,Youth,Home,Tablet,2025,H1_2025
2025_0214,Campaign_2025_0214,2025-02-14,2025-11-22,Social,North America,85187,75031,80747,21349.38,17327.62,Youth,Home,Desktop,2025,H1_2025
2025_0215,Campaign_2025_0215,2025-01-11,2025-09-12,Social,Asia,63793,37199,45170,33215.39,90244.45,Adults,Electronics,Tablet,2025,H1_2025
2025_0216,Campaign_2025_0216,2025-02-11,2025-10-23,Email,Europe,67612,19322,41303,27741.45,70762.66,Adults,Home,Desktop,2025,H1_2025
2025_0217,Campaign_2025_0217,2025-06-10,2025-12-03,Print,Europe,44456,4937,9369,7643.77,134167.01,Adults,Travel,Mobile,2025,H1_2025
2025_0218,Campaign_2025_0218,2025-06-17,2025-11-01,Search,South America,42945,35636,34302,14938.05,144870.13,Adults,Services,Desktop,2025,H1_2025
2025_0219,Campaign_2025_0219,2025-06-28,2025-08-01,Print,Europe,40282,8418,83874,32288.07,80075.23,Adults,Clothing,Mobile,2025,H1_2025
2025_0220,Campaign_2025_0220,2025-05-06,2025-08-22,Email,Asia,82164,43418,62053,20905.12,3398.69,Seniors,Clothing,Tablet,2025,H1_2025
2025_0221,Campaign_2025_0221,2025-01-04,2025-08-29,Search,Asia,78343,77986,72705,43627.81,44832.77,Youth,Clothing,Mobile,2025,H1_2025
2025_0222,Campaign_2025_0222,2025-04-16,2025-09-07,Display,North America,31159,48289,6019,34013.2,119926.84,Youth,Services,Mobile,2025,H1_2025
2025_0223,Campaign_2025_0223,2025-02-06,2025-12-18,Email,Africa,80050,68681,5920,49558.16,22127.38,Youth,Home,Mobile,2025,H1_2025
2025_0224,Campaign_2025_0224,2025-02-15,2025-07-24,Display,South America,22152,40729,44300,24998.36,62128.34,Adults,Travel,Desktop,2025,H1_2025
2025_0225,Campaign_2025_0225,2025-03-21,2025-07-10,Display,Africa,6262,71768,13357,43906.12,99221.26,Adults,Electronics,Tablet,2025,H1_2025
2025_0226,Campaign_2025_0226,2025-01-16,2025-11-30,Email,Europe,94802,53376,71066,7488.52,32937.04,Youth,Home,Desktop,2025,H1_2025
2025_0227,Campaign_2025_0227,2025-06-21,2025-11-07,Social,South America,35382,47296,52350,15622.79,91671.28,Youth,Travel,Mobile,2025,H1_2025
2025_0228,Campaign_2025_0228,2025-01-21,2025-07-13,Display,South America,80609,57374,60076,10965.67,50309.76,Youth,Clothing,Tablet,2025,H1_2025
2025_0229,Campaign_2025_0229,2025-05-31,2025-10-24,Print,Asia,50960,29428,37332,8076.51,59589.8,Adults,Travel,Tablet,2025,H1_2025
2025_0230,Campaign_2025_0230,2025-06-10,2025-08-01,Search,Africa,63611,7528,46359,19804.47,103445.28,Youth,Travel,Tablet,2025,H1_2025
2025_0231,Campaign_2025_0231,2025-05-14,2025-11-01,Display,North America,7782,88401,16733,5190.88,52421.64,Seniors,Clothing,Mobile,2025,H1_2025
2025_0232,Campaign_2025_0232,2025-06-23,2025-10-23,Social,North America,93292,5484,33991,36147.61,26825.62,Youth,Home,Mobile,2025,H1_2025
2025_0233,Campaign_2025_0233,2025-03-19,2025-09-25,Search,Asia,80703,64924,70868,2053.8,18789.04,Adults,Services,Desktop,2025,H1_2025
2025_0234,Campaign_2025_0234,2025-03-10,2025-12-10,Search,Europe,94252,2778,16555,28169.72,5209.35,Youth,Electronics,Mobile,2025,H1_2025
2025_0235,Campaign_2025_0235,2025-03-12,2025-09-30,Email,Asia,91281,672,24063,9483.5,144688.36,Youth,Clothing,Desktop,2025,H1_2025
2025_0236,Campaign_2025_0236,2025-05-28,2025-09-29,Search,Asia,13615,28900,54276,32872.73,88690.78,Seniors,Travel,Tablet,2025,H1_2025
2025_0237,Campaign_2025_0237,2025-06-17,2025-10-16,Email,Africa,98615,64806,9973,20206.35,92746.53,Seniors,Services,Tablet,2025,H1_2025
2025_0238,Campaign_2025_0238,2025-02-01,2025-10-08,Search,Asia,89827,48771,13186,39947.84,147770.76,Seniors,Travel,Tablet,2025,H1_2025
2025_0239,Campaign_2025_0239,2025-03-19,2025-09-22,Print,North America,61950,44303,5813,4800.72,93088.0,Youth,Clothing,Mobile,2025,H1_2025
2025_0240,Campaign_2025_0240,2025-03-08,2025-07-05,Display,North America,1073,25705,39836,4936.39,80092.19,Adults,Travel,Tablet,2025,H1_2025
2025_0241,Campaign_2025_0241,2025-04-12,2025-10-06,Email,Africa,67764,27052,40852,32063.66,54715.07,Adults,Home,Tablet,2025,H1_2025
2025_0242,Campaign_2025_0242,2025-04-14,2025-08-06,Display,South America,41523,44267,1684,43196.69,79065.93,Youth,Home,Tablet,2025,H1_2025
2025_0243,Campaign_2025_0243,2025-03-30,2025-11-06,Display,Africa,5749,86807,84776,14513.61,92033.28,Adults,Clothing,Tablet,2025,H1_2025
2025_0244,Campaign_2025_0244,2025-05-13,2025-07-20,Email,Africa,60285,85761,64294,32561.18,12379.21,Seniors,Home,Mobile,2025,H1_2025
2025_0245,Campaign_2025_0245,2025-05-19,2025-12-12,Search,Europe,73816,23483,79185,30363.21,144864.15,Seniors,Electronics,Tablet,2025,H1_2025
2025_0246,Campaign_2025_0246,2025-02-25,2025-12-25,Search,Europe,76338,7625,60419,23347.28,20112.58,Adults,Electronics,Desktop,2025,H1_2025
2025_0247,Campaign_2025_0247,2025-05-19,2025-11-19,Search,North America,95853,58595,13666,40208.51,129085.09,Youth,Clothing,Tablet,2025,H1_2025
2025_0248,Campaign_2025_0248,2025-04-17,2025-08-20,Display,Africa,87939,64298,77705,45914.02,100081.23,Youth,Electronics,Tablet,2025,H1_2025
2025_0249,Campaign_2025_0249,2025-01-13,2025-09-03,Display,North America,58797,49151,28507,37331.49,5304.79,Seniors,Travel,Desktop,2025,H1_2025
2025_0250,Campaign_2025_0250,2025-02-12,2025-12-08,Display,North America,44399,12280,33513,7976.33,102907.29,Adults,Services,Tablet,2025,H1_2025
2025_0251,Campaign_2025_0251,2025-06-26,2025-12-30,Social,Europe,57892,30741,44966,27791.05,142870.19,Youth,Clothing,Mobile,2025,H1_2025
2025_0252,Campaign_2025_0252,2025-05-26,2025-09-06,Search,Africa,60083,3877,56123,20634.63,53896.15,Seniors,Travel,Tablet,2025,H1_2025
2025_0253,Campaign_2025_0253,2025-05-19,2025-11-01,Print,South America,49796,89373,48300,30466.77,57057.42,Seniors,Home,Mobile,2025,H1_2025
2025_0254,Campaign_2025_0254,2025-02-09,2025-07-05,Search,Europe,41528,13158,12006,24948.4,100353.27,Youth,Services,Mobile,2025,H1_2025
2025_0255,Campaign_2025_0255,2025-01-21,2025-09-28,Search,South America,18713,57873,39529,17111.03,55476.61,Seniors,Services,Desktop,2025,H1_2025
2025_0256,Campaign_2025_0256,2025-05-05,2025-11-18,Print,South America,86433,13833,51068,30240.35,64345.79,Adults,Services,Desktop,2025,H1_2025
2025_0257,Campaign_2025_0257,2025-02-22,2025-07-12,Print,Africa,68574,63554,65966,7911.31,29606.29,Seniors,Services,Mobile,2025,H1_2025
2025_0258,Campaign_2025_0258,2025-06-20,2025-07-13,Email,Europe,14318,79041,20579,27552.09,50925.46,Seniors,Travel,Desktop,2025,H1_2025
2025_0259,Campaign_2025_0259,2025-01-27,2025-08-31,Print,Asia,76943,73480,28940,41313.64,137297.85,Adults,Home,Desktop,2025,H1_2025
2025_0260,Campaign_2025_0260,2025-06-16,2025-12-08,Social,North America,48179,31515,12346,10211.88,38925.19,Adults,Electronics,Desktop,2025,H1_2025
2025_0261,Campaign_2025_0261,2025-01-11,2025-11-02,Social,Africa,37223,4424,13591,26961.31,27725.96,Adults,Electronics,Tablet,2025,H1_2025
2025_0262,Campaign_2025_0262,2025-02-08,2025-10-17,Email,North America,1888,46943,56222,10972.75,38859.23,Seniors,Home,Desktop,2025,H1_2025
2025_0263,Campaign_2025_0263,2025-06-16,2025-08-27,Search,Africa,25001,74822,30053,26447.76,85315.45,Adults,Travel,Mobile,2025,H1_2025
2025_0264,Campaign_2025_0264,2025-06-12,2025-07-30,Print,North America,76226,88299,6870,22271.65,24609.92,Seniors,Clothing,Tablet,2025,H1_2025
2025_0265,Campaign_2025_0265,2025-06-29,2025-07-03,Search,Asia,40421,24881,5930,32742.93,60002.84,Adults,Clothing,Desktop,2025,H1_2025
2025_0266,Campaign_2025_0266,2025-03-31,2025-12-15,Print,Africa,38422,58562,26220,26077.3,66923.06,Adults,Travel,Desktop,2025,H1_2025
2025_0267,Campaign_2025_0267,2025-05-04,2025-12-23,Search,Asia,37968,72753,26557,11500.99,11717.67,Seniors,Home,Tablet,2025,H1_2025
2025_0268,Campaign_2025_0268,2025-06-22,2025-09-04,Email,South America,47205,37074,904,36274.73,7015.33,Seniors,Travel,Tablet,2025,H1_2025
2025_0269,Campaign_2025_0269,2025-06-08,2025-11-28,Social,Asia,61751,75763,35771,22488.63,39575.11,Youth,Home,Desktop,2025,H1_2025
2025_0270,Campaign_2025_0270,2025-06-07,2025-09-02,Display,Africa,23141,4515,80026,7934.02,46963.4,Adults,Home,Tablet,2025,H1_2025
2025_0271,Campaign_2025_0271,2025-06-26,2025-10-13,Email,Europe,87490,51190,36311,1746.82,26977.04,Seniors,Home,Mobile,2025,H1_2025
2025_0272,Campaign_2025_0272,2025-03-14,2025-11-21,Display,North America,64466,76672,31929,16776.37,23849.09,Youth,Services,Tablet,2025,H1_2025
2025_0273,Campaign_2025_0273,2025-02-19,2025-07-08,Email,Europe,28915,53003,4773,47212.29,139690.77,Youth,Travel,Mobile,2025,H1_2025
2025_0274,Campaign_2025_0274,2025-01-29,2025-12-28,Search,Asia,40161,21865,60428,49786.49,62327.2,Youth,Home,Tablet,2025,H1_2025
2025_0275,Campaign_2025_0275,2025-02-11,2025-07-18,Email,Europe,5199,37195,44023,19082.38,9270.23,Adults,Travel,Desktop,2025,H1_2025
2025_0276,Campaign_2025_0276,2025-06-01,2025-11-06,Email,Europe,86760,12504,23498,7335.07,81713.56,Adults,Clothing,Mobile,2025,H1_2025
2025_0277,Campaign_2025_0277,2025-01-07,2025-08-19,Print,South America,40723,15825,67783,12425.23,149713.74,Adults,Services,Desktop,2025,H1_2025
2025_0278,Campaign_2025_0278,2025-01-20,2025-08-29,Print,South America,64147,66836,54579,41280.87,96664.72,Adults,Travel,Desktop,2025,H1_2025
2025_0279,Campaign_2025_0279,2025-05-27,2025-07-10,Search,North America,50849,48731,67122,29906.53,122635.81,Seniors,Home,Tablet,2025,H1_2025
2025_0280,Campaign_2025_0280,2025-01-28,2025-08-18,Search,North America,60574,27631,67622,15002.56,84923.61,Adults,Electronics,Mobile,2025,H1_2025
2025_0281,Campaign_2025_0281,2025-05-10,2025-10-22,Social,Africa,10508,75806,29907,12213.75,102074.42,Youth,Electronics,Desktop,2025,H1_2025
2025_0282,Campaign_2025_0282,2025-05-17,2025-12-14,Social,Africa,57345,41232,66339,47493.98,31456.17,Seniors,Clothing,Desktop,2025,H1_2025
2025_0283,Campaign_2025_0283,2025-06-26,2025-09-23,Social,Africa,44543,81208,34213,45101.41,85165.59,Adults,Services,Desktop,2025,H1_2025
2025_0284,Campaign_2025_0284,2025-01-24,2025-12-10,Email,Europe,90611,46899,37499,22923.52,91086.66,Youth,Travel,Desktop,2025,H1_2025
2025_0285,Campaign_2025_0285,2025-03-02,2025-11-04,Email,North America,34579,2050,64531,14460.16,69455.22,Youth,Clothing,Desktop,2025,H1_2025
2025_0286,Campaign_2025_0286,2025-03-09,2025-11-17,Social,North America,20915,62882,52472,9132.9,122261.51,Seniors,Clothing,Tablet,2025,H1_2025
2025_0287,Campaign_2025_0287,2025-03-01,2025-11-25,Display,South America,79711,75396,25003,46895.58,118088.83,Youth,Clothing,Tablet,2025,H1_2025
2025_0288,Campaign_2025_0288,2025-01-14,2025-08-09,Email,Africa,67410,33393,18468,33989.67,147652.11,Adults,Home,Tablet,2025,H1_2025
2025_0289,Campaign_2025_0289,2025-04-23,2025-11-15,Search,Europe,24278,88822,33178,19072.76,109616.5,Adults,Travel,Desktop,2025,H1_2025
2025_0290,Campaign_2025_0290,2025-02-11,2025-11-14,Display,South America,63712,68921,42358,38044.85,74687.05,Seniors,Travel,Tablet,2025,H1_2025
2025_0291,Campaign_2025_0291,2025-05-29,2025-07-28,Print,North America,98193,80855,23174,22395.42,123139.04,Youth,Electronics,Tablet,2025,H1_2025
2025_0292,Campaign_2025_0292,2025-03-13,2025-07-13,Display,Africa,19062,17041,71061,46793.06,16953.58,Youth,Services,Tablet,2025,H1_2025
2025_0293,Campaign_2025_0293,2025-02-17,2025-07-22,Email,Asia,69041,17225,18750,4848.22,54498.35,Adults,Home,Desktop,2025,H1_2025
2025_0294,Campaign_2025_0294,2025-01-30,2025-09-03,Print,Europe,19507,82469,34199,6197.15,148235.84,Seniors,Home,Desktop,2025,H1_2025
2025_0295,Campaign_2025_0295,2025-01-14,2025-11-21,Email,Africa,40801,28210,7382,38383.12,115637.19,Seniors,Clothing,Mobile,2025,H1_2025
2025_0296,Campaign_2025_0296,2025-03-01,2025-11-21,Email,North America,50822,45443,43395,23971.16,45994.91,Youth,Clothing,Desktop,2025,H1_2025
2025_0297,Campaign_2025_0297,2025-05-02,2025-08-18,Print,Europe,35818,33650,17820,14152.89,57270.44,Youth,Travel,Tablet,2025,H1_2025
2025_0298,Campaign_2025_0298,2025-06-25,2025-11-22,Email,South America,98492,26621,30573,3258.21,136243.62,Adults,Clothing,Tablet,2025,H1_2025
2025_0299,Campaign_2025_0299,2025-03-19,2025-11-13,Search,Africa,26410,35628,36041,34461.31,103938.85,Adults,Travel,Desktop,2025,H1_2025
2025_0300,Campaign_2025_0300,2025-03-30,2025-08-27,Search,Europe,2720,87980,38983,18208.86,14846.39,Youth,Travel,Mobile,2025,H1_2025
2025_0301,Campaign_2025_0301,2025-04-27,2025-12-15,Email,Africa,86988,5071,49076,48083.57,72789.74,Seniors,Electronics,Tablet,2025,H1_2025
2025_0302,Campaign_2025_0302,2025-02-07,2025-11-07,Social,South America,45862,29364,10860,18107.74,102869.33,Adults,Home,Tablet,2025,H1_2025
2025_0303,Campaign_2025_0303,2025-01-10,2025-07-04,Social,Europe,98760,23167,40747,11066.36,1752.22,Adults,Travel,Desktop,2025,H1_2025
2025_0304,Campaign_2025_0304,2025-01-09,2025-07-12,Search,South America,76648,4628,47058,41393.16,40064.41,Youth,Services,Tablet,2025,H1_2025
2025_0305,Campaign_2025_0305,2025-05-04,2025-07-13,Display,Africa,15058,5771,7240,24076.11,35205.66,Seniors,Home,Mobile,2025,H1_2025
2025_0306,Campaign_2025_0306,2025-03-19,2025-10-19,Print,Asia,10190,64815,27201,26850.95,41502.05,Adults,Home,Desktop,2025,H1_2025
2025_0307,Campaign_2025_0307,2025-04-18,2025-10-06,Email,Europe,53026,59400,7837,21994.4,110413.68,Adults,Services,Mobile,2025,H1_2025
2025_0308,Campaign_2025_0308,2025-02-15,2025-12-06,Print,North America,24799,17745,56234,40888.41,66388.74,Seniors,Home,Mobile,2025,H1_2025
2025_0309,Campaign_2025_0309,2025-04-17,2025-11-05,Display,Europe,66746,1114,363,16513.37,40533.93,Adults,Electronics,Desktop,2025,H1_2025
2025_0310,Campaign_2025_0310,2025-06-18,2025-11-09,Display,Africa,14208,66673,41875,31123.0,63607.07,Seniors,Travel,Tablet,2025,H1_2025
2025_0311,Campaign_2025_0311,2025-03-01,2025-10-26,Social,North America,96583,2701,9144,6563.8,79533.76,Seniors,Travel,Mobile,2025,H1_2025
2025_0312,Campaign_2025_0312,2025-02-28,2025-10-08,Display,Asia,22465,15574,75323,26208.52,65526.79,Youth,Clothing,Mobile,2025,H1_2025
2025_0313,Campaign_2025_0313,2025-05-09,2025-08-30,Print,Asia,82769,75466,47676,32925.17,2892.54,Seniors,Home,Mobile,2025,H1_2025
2025_0314,Campaign_2025_0314,2025-06-09,2025-07-21,Email,Asia,75988,36930,421,5400.45,140697.24,Adults,Clothing,Desktop,2025,H1_2025
2025_0315,Campaign_2025_0315,2025-03-09,2025-07-12,Display,North America,53860,7548,50685,22855.0,141969.88,Seniors,Travel,Tablet,2025,H1_2025
2025_0316,Campaign_2025_0316,2025-05-21,2025-08-22,Social,North America,50474,381,37020,15612.97,132653.88,Youth,Home,Tablet,2025,H1_2025
2025_0317,Campaign_2025_0317,2025-02-16,2025-12-06,Email,South America,64992,87209,18541,18481.98,126900.02,Seniors,Services,Tablet,2025,H1_2025
2025_0318,Campaign_2025_0318,2025-01-14,2025-10-23,Print,Asia,84083,7069,56811,23163.91,72023.82,Adults,Travel,Mobile,2025,H1_2025
2025_0319,Campaign_2025_0319,2025-03-15,2025-09-17,Display,Africa,96192,31823,53362,27413.49,8497.09,Youth,Electronics,Tablet,2025,H1_2025
2025_0320,Campaign_2025_0320,2025-05-07,2025-10-06,Print,Africa,34016,74551,46284,43830.81,4036.09,Seniors,Home,Desktop,2025,H1_2025
2025_0321,Campaign_2025_0321,2025-06-29,2025-10-08,Email,South America,44216,70180,75138,36557.89,88972.66,Youth,Travel,Tablet,2025,H1_2025
2025_0322,Campaign_2025_0322,2025-01-25,2025-09-06,Display,Asia,86396,44726,69196,42746.3,138226.37,Seniors,Home,Mobile,2025,H1_2025
2025_0323,Campaign_2025_0323,2025-04-17,2025-12-23,Display,Africa,68408,57916,34565,13652.27,92713.22,Youth,Home,Mobile,2025,H1_2025
2025_0324,Campaign_2025_0324,2025-06-27,2025-08-15,Display,North America,17506,48848,76695,7791.89,121328.7,Adults,Home,Mobile,2025,H1_2025
2025_0325,Campaign_2025_0325,2025-06-05,2025-08-31,Email,Africa,94620,6928,71393,35331.91,26813.93,Youth,Home,Mobile,2025,H1_2025
2025_0326,Campaign_2025_0326,2025-02-17,2025-08-08,Search,North America,61965,16785,11793,49327.01,62286.23,Adults,Travel,Mobile,2025,H1_2025
2025_0327,Campaign_2025_0327,2025-03-31,2025-10-07,Email,North America,35865,61055,40409,38325.85,31758.83,Adults,Clothing,Tablet,2025,H1_2025
2025_0328,Campaign_2025_0328,2025-02-09,2025-11-25,Search,Asia,48659,63164,3266,43943.41,127149.31,Youth,Electronics,Desktop,2025,H1_2025
2025_0329,Campaign_2025_0329,2025-01-27,2025-11-25,Print,South America,48217,75840,61151,28269.5,130619.67,Adults,Clothing,Tablet,2025,H1_2025
2025_0330,Campaign_2025_0330,2025-01-28,2025-07-16,Search,South America,73386,39097,44445,12496.76,116535.5,Youth,Services,Tablet,2025,H1_2025
2025_0331,Campaign_2025_0331,2025-04-02,2025-11-02,Social,Europe,50592,53526,71237,3150.12,10139.67,Seniors,Clothing,Mobile,2025,H1_2025
2025_0332,Campaign_2025_0332,2025-06-25,2025-08-12,Print,Asia,94076,71670,4864,9190.96,88157.19,Youth,Clothing,Desktop,2025,H1_2025
2025_0333,Campaign_2025_0333,2025-02-13,2025-08-26,Email,North America,9957,61083,29679,13148.07,31579.84,Seniors,Travel,Desktop,2025,H1_2025
2025_0334,Campaign_2025_0334,2025-02-22,2025-10-11,Email,Asia,12945,35192,81527,22437.02,84454.6,Youth,Home,Tablet,2025,H1_2025
2025_0335,Campaign_2025_0335,2025-06-29,2025-10-17,Email,Europe,82246,29812,40543,27344.48,77794.37,Adults,Home,Desktop,2025,H1_2025
2025_0336,Campaign_2025_0336,2025-01-17,2025-12-08,Print,South America,99902,27749,74479,29228.66,54860.79,Seniors,Home,Mobile,2025,H1_2025
2025_0337,Campaign_2025_0337,2025-05-08,2025-12-15,Email,North America,69018,75609,64147,48283.19,84790.53,Youth,Electronics,Mobile,2025,H1_2025
2025_0338,Campaign_2025_0338,2025-02-26,2025-07-23,Search,Africa,21114,82437,40273,16248.62,52177.68,Seniors,Services,Tablet,2025,H1_2025
2025_0339,Campaign_2025_0339,2025-05-23,2025-08-08,Email,Asia,34390,25026,43202,47000.34,111838.93,Adults,Electronics,Desktop,2025,H1_2025
2025_0340,Campaign_2025_0340,2025-03-20,2025-12-15,Display,Europe,72854,28637,7884,36514.01,131419.39,Seniors,Travel,Desktop,2025,H1_2025
2025_0341,Campaign_2025_0341,2025-02-20,2025-10-06,Print,South America,34117,23190,13212,38728.87,42835.07,Adults,Clothing,Tablet,2025,H1_2025
2025_0342,Campaign_2025_0342,2025-05-17,2025-10-30,Social,Africa,34409,43430,53375,44596.18,17040.07,Seniors,Electronics,Mobile,2025,H1_2025
2025_0343,Campaign_2025_0343,2025-06-15,2025-10-01,Social,South America,17427,45196,6989,5032.24,77357.68,Youth,Electronics,Tablet,2025,H1_2025
2025_0344,Campaign_2025_0344,2025-01-28,2025-10-15,Display,South America,15172,61215,74557,32667.61,64085.1,Youth,Travel,Desktop,2025,H1_2025
2025_0345,Campaign_2025_0345,2025-04-06,2025-07-27,Search,Asia,90302,72291,33721,43515.67,133357.49,Adults,Electronics,Mobile,2025,H1_2025
2025_0346,Campaign_2025_0346,2025-06-20,2025-09-09,Email,Europe,98294,55351,68302,27540.91,66209.51,Youth,Clothing,Mobile,2025,H1_2025
2025_0347,Campaign_2025_0347,2025-02-11,2025-08-09,Email,South America,97132,26237,84297,20064.33,55074.1,Adults,Clothing,Mobile,2025,H1_2025
2025_0348,Campaign_2025_0348,2025-04-29,2025-07-29,Social,Asia,67618,5118,40026,16164.32,9888.26,Seniors,Services,Desktop,2025,H1_2025
2025_0349,Campaign_2025_0349,2025-02-19,2025-10-23,Print,South America,11885,32809,56368,5285.03,19502.26,Seniors,Electronics,Tablet,2025,H1_2025
2025_0350,Campaign_2025_0350,2025-04-22,2025-07-27,Search,South America,53271,77272,40038,15088.91,82272.6,Adults,Clothing,Mobile,2025,H1_2025
2025_0351,Campaign_2025_0351,2025-05-22,2025-11-23,Print,Asia,92666,50651,15176,25398.59,75283.66,Youth,Services,Mobile,2025,H1_2025
2025_0352,Campaign_2025_0352,2025-05-23,2025-08-20,Email,Asia,89341,20536,56357,29737.73,17746.07,Youth,Clothing,Desktop,2025,H1_2025
2025_0353,Campaign_2025_0353,2025-06-15,2025-10-25,Search,Europe,22473,37364,74992,9973.39,25330.43,Youth,Clothing,Desktop,2025,H1_2025
2025_0354,Campaign_2025_0354,2025-06-11,2025-07-09,Search,Asia,24129,36844,50246,6430.23,11742.25,Adults,Home,Desktop,2025,H1_2025
2025_0355,Campaign_2025_0355,2025-03-08,2025-12-18,Display,North America,14503,10271,48636,26935.55,39969.85,Seniors,Electronics,Mobile,2025,H1_2025
2025_0356,Campaign_2025_0356,2025-03-02,2025-10-16,Social,Africa,73114,9067,1366,30519.74,101236.56,Youth,Clothing,Desktop,2025,H1_2025
2025_0357,Campaign_2025_0357,2025-02-14,2025-10-19,Email,Europe,96709,83365,54696,31165.14,24446.36,Adults,Clothing,Desktop,2025,H1_2025
2025_0358,Campaign_2025_0358,2025-06-14,2025-11-29,Email,South America,66827,73124,8893,12669.51,58977.82,Adults,Home,Tablet,2025,H1_2025
2025_0359,Campaign_2025_0359,2025-03-01,2025-11-22,Print,South America,62915,14887,83670,31620.99,145082.06,Youth,Home,Mobile,2025,H1_2025
2025_0360,Campaign_2025_0360,2025-04-22,2025-10-12,Display,Europe,46601,1043,53511,21885.63,3991.25,Youth,Travel,Mobile,2025,H1_2025
2025_0361,Campaign_2025_0361,2025-06-19,2025-10-16,Email,Asia,7959,77545,24961,14675.65,144473.34,Adults,Services,Tablet,2025,H1_2025
2025_0362,Campaign_2025_0362,2025-01-15,2025-09-26,Display,North America,13821,39025,6116,14245.46,62927.23,Seniors,Services,Tablet,2025,H1_2025
2025_0363,Campaign_2025_0363,2025-04-03,2025-12-16,Social,North America,26139,71276,30087,27589.4,14476.0,Adults,Clothing,Mobile,2025,H1_2025
2025_0364,Campaign_2025_0364,2025-03-14,2025-11-07,Print,Africa,23037,64199,23504,3459.53,138642.24,Seniors,Home,Desktop,2025,H1_2025
2025_0365,Campaign_2025_0365,2025-01-27,2025-09-05,Search,Europe,19675,10361,75110,30238.74,97043.94,Youth,Home,Mobile,2025,H1_2025
2025_0366,Campaign_2025_0366,2025-03-13,2025-12-03,Display,Asia,85843,25787,8898,21633.79,98193.03,Adults,Home,Tablet,2025,H1_2025
2025_0367,Campaign_2025_0367,2025-06-07,2025-12-30,Display,Europe,60632,8248,20064,40119.51,142345.91,Adults,Travel,Tablet,2025,H1_2025
2025_0368,Campaign_2025_0368,2025-05-08,2025-07-26,Print,North America,3566,37085,80613,37292.97,118724.73,Adults,Clothing,Desktop,2025,H1_2025
2025_0369,Campaign_2025_0369,2025-02-12,2025-09-30,Search,Africa,12967,54988,13590,28474.69,142431.41,Adults,Clothing,Desktop,2025,H1_2025
2025_0370,Campaign_2025_0370,2025-06-10,2025-12-23,Search,North America,81225,66365,52422,6112.66,15387.66,Adults,Services,Tablet,2025,H1_2025
2025_0371,Campaign_2025_0371,2025-06-11,2025-09-25,Email,Europe,59955,56085,29337,22836.96,129861.72,Seniors,Travel,Tablet,2025,H1_2025
2025_0372,Campaign_2025_0372,2025-03-31,2025-08-03,Print,Africa,7533,64640,11464,28636.8,42109.08,Adults,Travel,Mobile,2025,H1_2025
2025_0373,Campaign_2025_0373,2025-02-26,2025-08-10,Email,Africa,18828,3115,27902,46741.61,136777.38,Youth,Clothing,Desktop,2025,H1_2025
2025_0374,Campaign_2025_0374,2025-06-25,2025-09-20,Search,South America,64246,8370,41558,12622.75,22369.04,Adults,Electronics,Tablet,2025,H1_2025
2025_0375,Campaign_2025_0375,2025-04-30,2025-07-27,Display,North America,48415,15593,50082,5820.65,106235.35,Seniors,Services,Desktop,2025,H1_2025
2025_0376,Campaign_2025_0376,2025-01-18,2025-11-25,Display,Europe,11035,48887,575,9529.32,41604.63,Seniors,Clothing,Tablet,2025,H1_2025
2025_0377,Campaign_2025_0377,2025-01-27,2025-11-04,Search,North America,69756,35810,37800,5253.78,86094.25,Youth,Services,Mobile,2025,H1_2025
2025_0378,Campaign_2025_0378,2025-05-21,2025-09-15,Social,Asia,77809,27707,41878,3196.45,130886.47,Adults,Services,Desktop,2025,H1_2025
2025_0379,Campaign_2025_0379,2025-05-04,2025-08-22,Social,Asia,37208,46509,15832,5517.18,2063.19,Seniors,Home,Desktop,2025,H1_2025
2025_0380,Campaign_2025_0380,2025-06-13,2025-08-01,Social,Europe,50318,26193,32420,36731.17,79041.95,Seniors,Clothing,Mobile,2025,H1_2025
2025_0381,Campaign_2025_0381,2025-05-23,2025-08-21,Print,South America,73320,76328,18149,5731.07,54525.42,Seniors,Electronics,Tablet,2025,H1_2025
2025_0382,Campaign_2025_0382,2025-03-26,2025-07-05,Display,Asia,19477,44608,38767,1734.85,11642.78,Adults,Services,Mobile,2025,H1_2025
2025_0383,Campaign_2025_0383,2025-05-19,2025-07-02,Email,Europe,54501,39674,17965,44346.21,124163.62,Seniors,Home,Desktop,2025,H1_2025
2025_0384,Campaign_2025_0384,2025-06-21,2025-11-24,Display,Asia,49387,42134,80652,28451.85,65667.77,Youth,Services,Desktop,2025,H1_2025
2025_0385,Campaign_2025_0385,2025-03-22,2025-10-31,Email,North America,42693,57862,52816,23649.32,76848.9,Seniors,Clothing,Tablet,2025,H1_2025
2025_0386,Campaign_2025_0386,2025-04-13,2025-10-15,Email,Asia,51104,27866,11232,30212.51,45720.72,Youth,Clothing,Mobile,2025,H1_2025
2025_0387,Campaign_2025_0387,2025-06-25,2025-08-07,Social,Europe,28367,60240,41368,3316.94,66905.9,Youth,Services,Desktop,2025,H1_2025
2025_0388,Campaign_2025_0388,2025-06-21,2025-08-16,Display,North America,85937,71626,6170,44579.91,69903.28,Adults,Electronics,Tablet,2025,H1_2025
2025_0389,Campaign_2025_0389,2025-03-15,2025-10-17,Search,Africa,69611,65368,16571,44163.39,22794.04,Adults,Electronics,Mobile,2025,H1_2025
2025_0390,Campaign_2025_0390,2025-03-09,2025-08-08,Social,North America,83234,5946,35161,40216.53,36692.6,Seniors,Electronics,Mobile,2025,H1_2025
2025_0391,Campaign_2025_0391,2025-06-14,2025-11-08,Print,Africa,24647,43802,49284,46014.92,50035.54,Seniors,Clothing,Desktop,2025,H1_2025
2025_0392,Campaign_2025_0392,2025-04-20,2025-09-16,Print,Europe,45074,88394,59309,46647.46,20658.38,Seniors,Clothing,Tablet,2025,H1_2025
2025_0393,Campaign_2025_0393,2025-05-18,2025-10-25,Email,Asia,5664,29804,45014,17944.48,126644.01,Adults,Home,Tablet,2025,H1_2025
2025_0394,Campaign_2025_0394,2025-05-30,2025-10-23,Display,Africa,1842,20963,84754,10810.96,107825.14,Adults,Clothing,Tablet,2025,H1_2025
2025_0395,Campaign_2025_0395,2025-03-11,2025-10-17,Email,North America,59665,61586,67730,26518.2,50532.78,Seniors,Home,Desktop,2025,H1_2025
2025_0396,Campaign_2025_0396,2025-03-08,2025-08-23,Email,Europe,95561,47340,15748,33295.16,103729.69,Youth,Electronics,Tablet,2025,H1_2025
2025_0397,Campaign_2025_0397,2025-03-30,2025-12-11,Search,South America,91046,7727,42694,4915.56,73745.25,Youth,Clothing,Desktop,2025,H1_2025
2025_0398,Campaign_2025_0398,2025-01-25,2025-09-22,Print,Europe,46630,60301,73053,25966.36,105085.77,Adults,Services,Mobile,2025,H1_2025
2025_0399,Campaign_2025_0399,2025-01-27,2025-09-28,Social,Europe,91996,47341,10843,10167.74,116070.8,Adults,Services,Desktop,2025,H1_2025
2025_0400,Campaign_2025_0400,2025-06-06,2025-10-14,Search,South America,45583,81817,14384,23504.59,149529.52,Seniors,Home,Tablet,2025,H1_2025
2025_0401,Campaign_2025_0401,2025-05-28,2025-07-19,Social,North America,21450,59494,29527,29612.11,130596.84,Adults,Electronics,Tablet,2025,H1_2025
2025_0402,Campaign_2025_0402,2025-04-29,2025-12-13,Display,Asia,5593,64390,37247,49462.98,127862.54,Adults,Travel,Tablet,2025,H1_2025
2025_0403,Campaign_2025_0403,2025-01-08,2025-12-29,Print,Asia,54143,42723,31210,38569.89,134213.59,Youth,Clothing,Desktop,2025,H1_2025
2025_0404,Campaign_2025_0404,2025-01-11,2025-07-04,Email,Africa,9855,82743,7886,23840.52,16443.73,Youth,Clothing,Mobile,2025,H1_2025
2025_0405,Campaign_2025_0405,2025-06-20,2025-10-05,Search,South America,25919,81581,60160,16038.34,50467.17,Seniors,Clothing,Desktop,2025,H1_2025
2025_0406,Campaign_2025_0406,2025-05-16,2025-09-21,Search,Asia,81199,25730,67111,33555.49,75738.81,Adults,Home,Desktop,2025,H1_2025
2025_0407,Campaign_2025_0407,2025-04-13,2025-11-05,Search,Asia,78288,5745,42630,17560.81,44333.92,Seniors,Travel,Desktop,2025,H1_2025
2025_0408,Campaign_2025_0408,2025-05-10,2025-09-24,Print,Europe,12634,35328,33144,32577.86,100440.07,Adults,Electronics,Mobile,2025,H1_2025
2025_0409,Campaign_2025_0409,2025-01-13,2025-10-26,Email,Europe,76198,48079,25433,22025.41,147465.27,Youth,Home,Mobile,2025,H1_2025
2025_0410,Campaign_2025_0410,2025-02-03,2025-12-11,Search,South America,30616,88346,83405,1066.11,69229.56,Seniors,Services,Tablet,2025,H1_2025
2025_0411,Campaign_2025_0411,2025-01-29,2025-07-05,Social,South America,7277,75907,79203,15115.0,17862.4,Seniors,Home,Mobile,2025,H1_2025
2025_0412,Campaign_2025_0412,2025-01-29,2025-07-23,Print,Europe,74198,86729,8634,35340.98,133276.33,Adults,Electronics,Tablet,2025,H1_2025
2025_0413,Campaign_2025_0413,2025-03-01,2025-11-09,Email,Europe,12494,65568,72280,49838.54,109175.41,Youth,Travel,Desktop,2025,H1_2025
2025_0414,Campaign_2025_0414,2025-04-01,2025-09-28,Search,Europe,58613,2502,67076,7564.86,114104.04,Adults,Clothing,Tablet,2025,H1_2025
2025_0415,Campaign_2025_0415,2025-02-14,2025-11-22,Print,Asia,52750,89865,1319,23989.57,46548.8,Seniors,Clothing,Desktop,2025,H1_2025
2025_0416,Campaign_2025_0416,2025-01-23,2025-12-07,Email,Europe,64551,80959,22807,43548.63,1794.77,Adults,Home,Tablet,2025,H1_2025
2025_0417,Campaign_2025_0417,2025-02-19,2025-11-22,Search,Europe,95712,7281,22644,20343.19,122661.2,Adults,Clothing,Tablet,2025,H1_2025
2025_0418,Campaign_2025_0418,2025-02-09,2025-10-18,Print,South America,68062,70609,77566,4458.84,42336.87,Seniors,Travel,Tablet,2025,H1_2025
2025_0419,Campaign_2025_0419,2025-03-07,2025-07-20,Email,Europe,97633,55149,49066,43859.45,85984.34,Adults,Electronics,Desktop,2025,H1_2025
2025_0420,Campaign_2025_0420,2025-06-06,2025-11-11,Email,Europe,16365,51358,10929,20912.48,34015.55,Youth,Electronics,Tablet,2025,H1_2025
2025_0421,Campaign_2025_0421,2025-01-11,2025-08-25,Social,North America,84858,81367,62907,47203.84,8137.01,Seniors,Services,Mobile,2025,H1_2025
2025_0422,Campaign_2025_0422,2025-04-28,2025-11-06,Search,Africa,2786,13867,63390,30321.8,129261.37,Youth,Electronics,Tablet,2025,H1_2025
2025_0423,Campaign_2025_0423,2025-04-21,2025-11-15,Display,Asia,62256,9814,32799,6958.35,114536.39,Adults,Clothing,Desktop,2025,H1_2025
2025_0424,Campaign_2025_0424,2025-03-28,2025-08-26,Display,Africa,35991,44523,31436,12709.11,92501.61,Seniors,Services,Mobile,2025,H1_2025
2025_0425,Campaign_2025_0425,2025-05-14,2025-08-28,Print,Europe,7546,34841,24697,19615.3,70795.6,Youth,Clothing,Mobile,2025,H1_2025
2025_0426,Campaign_2025_0426,2025-03-22,2025-11-28,Email,South America,71257,79591,1451,41868.03,108514.28,Adults,Travel,Desktop,2025,H1_2025
2025_0427,Campaign_2025_0427,2025-01-21,2025-10-04,Print,South America,58611,20694,82993,15772.21,87676.64,Seniors,Home,Tablet,2025,H1_2025
2025_0428,Campaign_2025_0428,2025-04-10,2025-12-16,Email,South America,44065,44625,21419,17423.07,27347.95,Seniors,Electronics,Mobile,2025,H1_2025
2025_0429,Campaign_2025_0429,2025-01-07,2025-07-22,Print,Asia,67854,5180,14188,26904.15,107318.76,Adults,Travel,Desktop,2025,H1_2025
2025_0430,Campaign_2025_0430,2025-06-25,2025-08-14,Display,South America,41564,50717,44592,44274.32,101195.4,Youth,Services,Mobile,2025,H1_2025
2025_0431,Campaign_2025_0431,2025-01-21,2025-11-27,Email,Africa,14495,43258,20557,7677.06,8602.34,Seniors,Clothing,Mobile,2025,H1_2025
2025_0432,Campaign_2025_0432,2025-03-05,2025-11-10,Search,North America,55908,81251,5410,8391.23,124140.28,Seniors,Travel,Tablet,2025,H1_2025
2025_0433,Campaign_2025_0433,2025-06-14,2025-10-12,Search,Asia,42816,25230,25694,37564.38,143791.45,Youth,Home,Mobile,2025,H1_2025
2025_0434,Campaign_2025_0434,2025-01-09,2025-12-18,Search,South America,68009,66893,21883,38112.22,90624.98,Youth,Travel,Tablet,2025,H1_2025
2025_0435,Campaign_2025_0435,2025-06-06,2025-11-16,Print,Africa,2158,70254,70737,30609.04,37780.33,Youth,Services,Tablet,2025,H1_2025
2025_0436,Campaign_2025_0436,2025-06-20,2025-12-06,Social,Asia,27228,39848,42102,18647.83,31578.12,Adults,Clothing,Mobile,2025,H1_2025
2025_0437,Campaign_2025_0437,2025-02-08,2025-07-14,Search,North America,19307,35909,70768,19880.69,123969.6,Adults,Electronics,Desktop,2025,H1_2025
2025_0438,Campaign_2025_0438,2025-04-18,2025-08-19,Print,North America,53077,22312,7261,37453.24,114650.73,Seniors,Electronics,Mobile,2025,H1_2025
2025_0439,Campaign_2025_0439,2025-01-29,2025-12-28,Email,North America,10885,58306,16340,22811.34,74270.21,Seniors,Services,Mobile,2025,H1_2025
2025_0440,Campaign_2025_0440,2025-04-16,2025-12-05,Social,South America,64185,26943,64685,5133.79,84591.32,Adults,Travel,Mobile,2025,H1_2025
2025_0441,Campaign_2025_0441,2025-02-19,2025-11-30,Display,Asia,32699,60115,18189,13833.28,141365.82,Adults,Electronics,Mobile,2025,H1_2025
2025_0442,Campaign_2025_0442,2025-01-30,2025-12-07,Display,North America,41749,29578,4457,10335.44,129159.37,Youth,Travel,Tablet,2025,H1_2025
2025_0443,Campaign_2025_0443,2025-01-01,2025-12-31,Email,Asia,68606,59136,78002,17585.38,83670.71,Adults,Travel,Mobile,2025,H1_2025
2025_0444,Campaign_2025_0444,2025-06-21,2025-11-03,Social,Asia,29389,66168,30228,5564.74,74727.56,Seniors,Clothing,Desktop,2025,H1_2025
2025_0445,Campaign_2025_0445,2025-03-27,2025-10-23,Email,Asia,8822,10050,61853,48437.7,121085.85,Seniors,Home,Tablet,2025,H1_2025
2025_0446,Campaign_2025_0446,2025-02-06,2025-08-16,Search,North America,77530,75568,58167,41916.22,62874.26,Seniors,Electronics,Mobile,2025,H1_2025
2025_0447,Campaign_2025_0447,2025-02-23,2025-10-25,Email,North America,11550,58273,78389,22930.0,87509.21,Seniors,Services,Mobile,2025,H1_2025
2025_0448,Campaign_2025_0448,2025-06-13,2025-09-26,Search,Europe,24984,10498,75039,33165.34,98133.33,Seniors,Travel,Desktop,2025,H1_2025
2025_0449,Campaign_2025_0449,2025-01-12,2025-12-01,Email,South America,20485,66696,78797,5672.49,141550.38,Adults,Home,Mobile,2025,H1_2025
2025_0450,Campaign_2025_0450,2025-02-04,2025-07-30,Print,Europe,40444,24038,69723,19488.09,8127.41,Adults,Home,Tablet,2025,H1_2025
2025_0451,Campaign_2025_0451,2025-06-22,2025-10-31,Social,Asia,59603,5179,2567,27432.57,29468.57,Seniors,Electronics,Desktop,2025,H1_2025
2025_0452,Campaign_2025_0452,2025-04-03,2025-10-26,Social,Europe,35648,11322,18976,1811.11,77311.47,Seniors,Travel,Mobile,2025,H1_2025
2025_0453,Campaign_2025_0453,2025-06-19,2025-09-20,Display,Europe,40953,28148,21195,43925.08,131964.93,Adults,Clothing,Desktop,2025,H1_2025
2025_0454,Campaign_2025_0454,2025-04-07,2025-10-24,Social,Asia,38752,58073,57796,15799.05,5128.37,Adults,Services,Tablet,2025,H1_2025
2025_0455,Campaign_2025_0455,2025-06-08,2025-07-11,Print,Africa,84309,55733,78392,21344.54,37708.98,Seniors,Electronics,Mobile,2025,H1_2025
2025_0456,Campaign_2025_0456,2025-01-26,2025-12-24,Social,Africa,35406,55260,32178,24161.9,135941.58,Youth,Travel,Tablet,2025,H1_2025
2025_0457,Campaign_2025_0457,2025-03-23,2025-09-12,Email,North America,98551,44574,63780,6510.14,138869.59,Adults,Travel,Mobile,2025,H1_2025
2025_0458,Campaign_2025_0458,2025-05-19,2025-08-26,Social,North America,83547,68644,25335,35253.04,94292.06,Seniors,Electronics,Mobile,2025,H1_2025
2025_0459,Campaign_2025_0459,2025-06-11,2025-12-22,Display,Africa,86660,49420,18726,18788.58,19947.84,Adults,Electronics,Tablet,2025,H1_2025
2025_0460,Campaign_2025_0460,2025-06-28,2025-07-14,Display,Africa,18190,69276,17099,45603.51,137738.8,Youth,Travel,Tablet,2025,H1_2025
2025_0461,Campaign_2025_0461,2025-05-12,2025-10-31,Search,Asia,79563,73836,53325,39774.56,97832.49,Adults,Travel,Desktop,2025,H1_2025
2025_0462,Campaign_2025_0462,2025-03-31,2025-08-02,Print,North America,59495,2542,45956,47386.28,87166.06,Seniors,Clothing,Tablet,2025,H1_2025
2025_0463,Campaign_2025_0463,2025-03-03,2025-08-09,Display,North America,96556,25160,17814,49592.56,136056.58,Adults,Home,Mobile,2025,H1_2025
2025_0464,Campaign_2025_0464,2025-02-09,2025-09-24,Email,South America,84499,49955,25592,17566.46,34261.25,Adults,Clothing,Desktop,2025,H1_2025
2025_0465,Campaign_2025_0465,2025-01-24,2025-09-14,Social,South America,41624,66703,60958,2905.85,125342.92,Seniors,Services,Mobile,2025,H1_2025
2025_0466,Campaign_2025_0466,2025-03-18,2025-11-08,Print,South America,77005,60772,68755,39375.98,30638.96,Adults,Electronics,Tablet,2025,H1_2025
2025_0467,Campaign_2025_0467,2025-01-03,2025-09-13,Social,North America,15617,51768,18292,18335.97,28724.65,Seniors,Travel,Mobile,2025,H1_2025
2025_0468,Campaign_2025_0468,2025-03-19,2025-09-11,Search,South America,32484,73558,72292,41768.45,1937.57,Adults,Clothing,Tablet,2025,H1_2025
2025_0469,Campaign_2025_0469,2025-01-06,2025-09-09,Print,Asia,61188,56361,73515,48943.38,31955.59,Seniors,Clothing,Tablet,2025,H1_2025
2025_0470,Campaign_2025_0470,2025-05-31,2025-11-15,Search,Africa,72242,39745,39679,44760.85,112921.67,Seniors,Clothing,Mobile,2025,H1_2025
2025_0471,Campaign_2025_0471,2025-04-25,2025-12-25,Display,Asia,84162,36074,26800,37504.96,64705.11,Adults,Travel,Tablet,2025,H1_2025
2025_0472,Campaign_2025_0472,2025-06-07,2025-09-01,Email,North America,91219,28394,36024,34364.87,50404.93,Seniors,Electronics,Desktop,2025,H1_2025
2025_0473,Campaign_2025_0473,2025-06-15,2025-12-16,Email,South America,16198,73275,79828,43633.76,144687.39,Youth,Home,Desktop,2025,H1_2025
2025_0474,Campaign_2025_0474,2025-01-17,2025-08-02,Social,South America,50776,61099,40442,19103.37,24268.65,Adults,Clothing,Mobile,2025,H1_2025
2025_0475,Campaign_2025_0475,2025-01-23,2025-12-14,Display,South America,83439,44005,52315,16145.16,117973.9,Seniors,Home,Tablet,2025,H1_2025
2025_0476,Campaign_2025_0476,2025-04-29,2025-09-03,Email,North America,85469,27206,62871,19672.23,75789.63,Seniors,Travel,Desktop,2025,H1_2025
2025_0477,Campaign_2025_0477,2025-02-28,2025-07-07,Search,North America,73986,11202,28114,44787.09,65374.87,Adults,Travel,Desktop,2025,H1_2025
2025_0478,Campaign_2025_0478,2025-04-10,2025-07-22,Print,Africa,54238,34138,81200,16399.88,83116.96,Adults,Electronics,Mobile,2025,H1_2025
2025_0479,Campaign_2025_0479,2025-06-21,2025-12-25,Email,Africa,28788,26760,44577,9502.14,22285.03,Adults,Home,Desktop,2025,H1_2025
2025_0480,Campaign_2025_0480,2025-03-06,2025-10-05,Print,North America,55511,11543,41982,29361.85,99956.49,Seniors,Home,Tablet,2025,H1_2025
2025_0481,Campaign_2025_0481,2025-04-27,2025-07-16,Email,Europe,15513,35629,6017,8851.34,28160.3,Seniors,Clothing,Desktop,2025,H1_2025
2025_0482,Campaign_2025_0482,2025-02-21,2025-12-08,Search,North America,96284,82332,26463,36783.91,138358.14,Adults,Services,Tablet,2025,H1_2025
2025_0483,Campaign_2025_0483,2025-06-11,2025-10-11,Print,South America,64756,63291,69382,44753.53,70742.64,Seniors,Travel,Tablet,2025,H1_2025
2025_0484,Campaign_2025_0484,2025-05-14,2025-11-12,Email,Asia,46250,65878,73102,40625.43,12225.27,Youth,Services,Desktop,2025,H1_2025
2025_0485,Campaign_2025_0485,2025-06-21,2025-08-01,Display,South America,99813,50655,8130,8472.74,3420.61,Seniors,Travel,Desktop,2025,H1_2025
2025_0486,Campaign_2025_0486,2025-01-26,2025-07-28,Social,North America,30909,83166,11300,8804.71,61087.38,Adults,Home,Desktop,2025,H1_2025
2025_0487,Campaign_2025_0487,2025-03-08,2025-10-29,Display,Europe,29866,7122,32838,19508.18,127152.19,Adults,Services,Tablet,2025,H1_2025
2025_0488,Campaign_2025_0488,2025-04-22,2025-09-23,Social,Africa,18054,2843,10520,45226.44,78183.52,Youth,Travel,Tablet,2025,H1_2025
2025_0489,Campaign_2025_0489,2025-01-05,2025-07-19,Print,Europe,77298,44116,17983,9520.98,146761.58,Youth,Home,Desktop,2025,H1_2025
2025_0490,Campaign_2025_0490,2025-04-27,2025-12-01,Email,Europe,39275,79899,81271,5001.99,4019.53,Adults,Home,Tablet,2025,H1_2025
2025_0491,Campaign_2025_0491,2025-05-07,2025-12-14,Social,Europe,2042,36017,14399,27413.71,136860.58,Youth,Services,Mobile,2025,H1_2025
2025_0492,Campaign_2025_0492,2025-02-01,2025-09-05,Display,South America,64891,2154,41119,18894.23,15786.35,Adults,Travel,Tablet,2025,H1_2025
2025_0493,Campaign_2025_0493,2025-02-01,2025-09-22,Email,North America,20472,32271,83071,29568.15,9477.67,Seniors,Home,Desktop,2025,H1_2025
2025_0494,Campaign_2025_0494,2025-06-17,2025-08-06,Search,North America,52521,40861,12176,28573.57,85155.19,Adults,Travel,Desktop,2025,H1_2025
2025_0495,Campaign_2025_0495,2025-02-03,2025-10-28,Display,North America,2630,88288,32480,41276.47,24709.99,Seniors,Travel,Tablet,2025,H1_2025
2025_0496,Campaign_2025_0496,2025-05-20,2025-12-20,Email,North America,83026,8493,76635,29145.05,34132.73,Seniors,Travel,Mobile,2025,H1_2025
2025_0497,Campaign_2025_0497,2025-06-23,2025-08-26,Display,South America,12234,85523,4651,32650.42,67049.13,Seniors,Electronics,Mobile,2025,H1_2025
2025_0498,Campaign_2025_0498,2025-05-02,2025-07-19,Display,South America,41981,46904,71134,45470.59,74439.37,Adults,Services,Mobile,2025,H1_2025
2025_0499,Campaign_2025_0499,2025-06-25,2025-10-13,Display,Europe,36670,69024,78323,23816.56,60359.37,Seniors,Clothing,Tablet,2025,H1_2025
2025_0500,Campaign_2025_0500,2025-02-20,2025-09-21,Display,North America,97262,80896,20752,43732.86,115423.95,Adults,Electronics,Tablet,2025,H1_2025
