campaign_id,campaign_name,start_date,end_date,channel,region,impressions,clicks,conversions,spend_usd,revenue_usd,target_audience,product_category,device,year
2024_JULDEC_0001,Campaign_2024_JULDEC_0001,2024-07-10,2024-07-31,Search,Europe,24385241,307898,56583,1056702.86,1164697.77,Youth,Electronics,Tablet,2024
2024_JULDEC_0002,Campaign_2024_JULDEC_0002,2024-07-03,2024-07-09,Search,Asia,27244138,1216843,169062,1359657.06,1980384.49,Youth,Home,Mobile,2024
2024_JULDEC_0003,Campaign_2024_JULDEC_0003,2024-07-15,2024-07-31,Search,Europe,14639940,498731,86369,866443.7,1274312.42,Seniors,Services,Desktop,2024
2024_JULDEC_0004,Campaign_2024_JULDEC_0004,2024-07-01,2024-07-11,Search,Africa,16002001,166211,18265,841981.47,1103735.61,Youth,Services,Desktop,2024
2024_JULDEC_0005,Campaign_2024_JULDEC_0005,2024-07-13,2024-07-18,Search,Asia,17198804,410285,81059,897092.98,1297082.81,Seniors,Home,Mobile,2024
2024_JULDEC_0006,Campaign_2024_JULDEC_0006,2024-07-03,2024-07-17,Search,Africa,15245015,639693,123228,825084.68,1194860.36,Adults,Travel,Tablet,2024
2024_JULDEC_0007,Campaign_2024_JULDEC_0007,2024-07-04,2024-07-16,Search,Africa,18745009,610646,34960,893293.95,1262434.72,Seniors,Home,Mobile,2024
2024_JULDEC_0008,Campaign_2024_JULDEC_0008,2024-07-11,2024-07-31,Search,South America,25761133,565282,63777,1325139.69,2011868.96,Youth,Home,Tablet,2024
2024_JULDEC_0009,Campaign_2024_JULDEC_0009,2024-07-10,2024-07-15,Search,North America,28776770,1278948,183239,1186800.31,1773442.81,Adults,Home,Mobile,2024
2024_JULDEC_0010,Campaign_2024_JULDEC_0010,2024-07-15,2024-07-29,Search,Africa,18158884,272921,18992,1004351.22,1287328.37,Youth,Services,Mobile,2024
2024_JULDEC_0011,Campaign_2024_JULDEC_0011,2024-07-03,2024-07-17,Search,Europe,22551343,681985,108300,1043570.66,1434307.71,Seniors,Electronics,Mobile,2024
2024_JULDEC_0012,Campaign_2024_JULDEC_0012,2024-07-07,2024-07-21,Search,Africa,21369396,1067514,84987,1375534.61,1862709.45,Youth,Clothing,Tablet,2024
2024_JULDEC_0013,Campaign_2024_JULDEC_0013,2024-07-03,2024-07-09,Search,Europe,24152726,946921,182497,1371027.5,1733728.91,Adults,Clothing,Desktop,2024
2024_JULDEC_0014,Campaign_2024_JULDEC_0014,2024-07-04,2024-07-14,Search,South America,20433592,376381,22938,994803.04,1459790.01,Adults,Services,Tablet,2024
2024_JULDEC_0015,Campaign_2024_JULDEC_0015,2024-07-03,2024-07-10,Search,Africa,21047501,705031,134986,843174.42,1181409.84,Youth,Services,Mobile,2024
2024_JULDEC_0016,Campaign_2024_JULDEC_0016,2024-07-16,2024-07-24,Search,Europe,20252174,621005,52002,884554.11,1282205.98,Seniors,Travel,Tablet,2024
2024_JULDEC_0017,Campaign_2024_JULDEC_0017,2024-07-09,2024-07-23,Search,North America,33193382,906029,158528,1490871.93,2118598.34,Adults,Electronics,Desktop,2024
2024_JULDEC_0018,Campaign_2024_JULDEC_0018,2024-07-12,2024-07-29,Search,North America,20835957,700941,35410,858709.7,1147019.05,Youth,Electronics,Mobile,2024
2024_JULDEC_0019,Campaign_2024_JULDEC_0019,2024-07-04,2024-07-20,Search,Europe,18768564,511977,82330,854589.37,1092664.43,Youth,Travel,Mobile,2024
2024_JULDEC_0020,Campaign_2024_JULDEC_0020,2024-07-07,2024-07-27,Search,Asia,21223452,1042636,116871,1284417.03,1589028.23,Adults,Home,Mobile,2024
2024_JULDEC_0021,Campaign_2024_JULDEC_0021,2024-07-10,2024-07-16,Social,Europe,17613190,309198,32177,1026539.34,1324910.6,Youth,Travel,Desktop,2024
2024_JULDEC_0022,Campaign_2024_JULDEC_0022,2024-07-15,2024-07-22,Social,Africa,32871865,1231754,185379,1438857.13,1845276.54,Youth,Home,Desktop,2024
2024_JULDEC_0023,Campaign_2024_JULDEC_0023,2024-07-01,2024-07-12,Social,North America,26379932,884522,144858,1385635.98,1533423.33,Adults,Clothing,Desktop,2024
2024_JULDEC_0024,Campaign_2024_JULDEC_0024,2024-07-16,2024-07-25,Social,Asia,20883449,311746,46361,956653.19,1470328.25,Youth,Travel,Tablet,2024
2024_JULDEC_0025,Campaign_2024_JULDEC_0025,2024-07-15,2024-07-28,Social,South America,21039986,486722,74930,901778.77,1090161.69,Youth,Travel,Mobile,2024
2024_JULDEC_0026,Campaign_2024_JULDEC_0026,2024-07-03,2024-07-23,Social,Asia,21284644,428080,23080,1296442.58,1736133.0,Youth,Electronics,Mobile,2024
2024_JULDEC_0027,Campaign_2024_JULDEC_0027,2024-07-09,2024-07-26,Social,North America,26456505,842707,161224,1075484.36,1206385.75,Seniors,Travel,Desktop,2024
2024_JULDEC_0028,Campaign_2024_JULDEC_0028,2024-07-02,2024-07-27,Social,Asia,20536087,464776,52886,1196920.64,1817821.65,Youth,Home,Tablet,2024
2024_JULDEC_0029,Campaign_2024_JULDEC_0029,2024-07-05,2024-07-12,Social,North America,29125725,866111,84143,1300875.59,2053865.61,Adults,Travel,Tablet,2024
2024_JULDEC_0030,Campaign_2024_JULDEC_0030,2024-07-13,2024-07-19,Social,Africa,25973432,1222227,99392,1315384.41,1927999.49,Youth,Clothing,Tablet,2024
2024_JULDEC_0031,Campaign_2024_JULDEC_0031,2024-07-16,2024-07-31,Social,Europe,21518942,261531,31866,1281824.84,1618568.54,Seniors,Services,Mobile,2024
2024_JULDEC_0032,Campaign_2024_JULDEC_0032,2024-07-06,2024-07-27,Social,Asia,14520100,655887,117287,947396.9,1292906.6,Seniors,Electronics,Desktop,2024
2024_JULDEC_0033,Campaign_2024_JULDEC_0033,2024-07-01,2024-07-13,Social,North America,25570654,937562,178929,1438747.48,1797269.15,Youth,Clothing,Mobile,2024
2024_JULDEC_0034,Campaign_2024_JULDEC_0034,2024-07-10,2024-07-31,Social,Asia,20149631,217717,14591,985356.38,1256844.89,Adults,Travel,Mobile,2024
2024_JULDEC_0035,Campaign_2024_JULDEC_0035,2024-07-13,2024-07-26,Social,Asia,13677241,523620,41931,895645.86,1214984.17,Seniors,Clothing,Tablet,2024
2024_JULDEC_0036,Campaign_2024_JULDEC_0036,2024-07-07,2024-07-18,Social,Asia,16145211,324957,52377,967249.24,1373183.1,Adults,Home,Mobile,2024
2024_JULDEC_0037,Campaign_2024_JULDEC_0037,2024-07-04,2024-07-15,Social,Asia,24615393,986018,171502,1426656.23,2245504.93,Seniors,Home,Desktop,2024
2024_JULDEC_0038,Campaign_2024_JULDEC_0038,2024-07-10,2024-07-19,Social,Asia,18547543,887956,169985,908662.42,1232773.27,Youth,Clothing,Desktop,2024
2024_JULDEC_0039,Campaign_2024_JULDEC_0039,2024-07-16,2024-07-31,Social,Asia,31249725,1252400,233304,1426049.5,1740612.9,Youth,Travel,Tablet,2024
2024_JULDEC_0040,Campaign_2024_JULDEC_0040,2024-07-01,2024-07-20,Social,Africa,28139872,791972,88842,1418709.06,2149622.14,Adults,Clothing,Desktop,2024
2024_JULDEC_0041,Campaign_2024_JULDEC_0041,2024-07-09,2024-07-27,Display,Europe,17067560,270262,14717,987245.02,1238148.75,Youth,Clothing,Desktop,2024
2024_JULDEC_0042,Campaign_2024_JULDEC_0042,2024-07-11,2024-07-27,Display,Europe,31826925,751050,53364,1468880.46,2108119.56,Adults,Services,Tablet,2024
2024_JULDEC_0043,Campaign_2024_JULDEC_0043,2024-07-09,2024-07-18,Display,Europe,21678722,282094,48672,1345314.21,1988616.98,Adults,Travel,Desktop,2024
2024_JULDEC_0044,Campaign_2024_JULDEC_0044,2024-07-04,2024-07-17,Display,Europe,31538791,1301412,121974,1395725.75,2012959.21,Adults,Travel,Desktop,2024
2024_JULDEC_0045,Campaign_2024_JULDEC_0045,2024-07-08,2024-07-16,Display,Europe,24103926,337037,29602,1283027.54,1711400.46,Seniors,Home,Tablet,2024
2024_JULDEC_0046,Campaign_2024_JULDEC_0046,2024-07-08,2024-07-13,Display,Europe,17260390,862732,106726,1120611.17,1627601.96,Adults,Clothing,Tablet,2024
2024_JULDEC_0047,Campaign_2024_JULDEC_0047,2024-07-06,2024-07-21,Display,Africa,22250290,467986,54816,1272048.8,1676780.84,Adults,Travel,Mobile,2024
2024_JULDEC_0048,Campaign_2024_JULDEC_0048,2024-07-12,2024-07-17,Display,Africa,25627496,457191,68098,1204296.27,1351785.72,Seniors,Services,Tablet,2024
2024_JULDEC_0049,Campaign_2024_JULDEC_0049,2024-07-16,2024-07-31,Display,South America,14783859,418901,31163,928267.76,1184420.75,Adults,Electronics,Desktop,2024
2024_JULDEC_0050,Campaign_2024_JULDEC_0050,2024-07-16,2024-07-31,Display,Africa,15900464,336951,45854,884658.73,1415403.27,Seniors,Home,Desktop,2024
2024_JULDEC_0051,Campaign_2024_JULDEC_0051,2024-07-11,2024-07-31,Display,Africa,21778584,604099,116807,994372.72,1221570.91,Seniors,Services,Mobile,2024
2024_JULDEC_0052,Campaign_2024_JULDEC_0052,2024-07-07,2024-07-12,Display,Africa,34218853,1413828,186653,1439745.68,1779608.68,Seniors,Travel,Tablet,2024
2024_JULDEC_0053,Campaign_2024_JULDEC_0053,2024-07-15,2024-07-24,Display,Asia,25336480,798087,117870,1121779.86,1465412.71,Youth,Electronics,Mobile,2024
2024_JULDEC_0054,Campaign_2024_JULDEC_0054,2024-07-14,2024-07-31,Display,Europe,20766607,944521,163517,1250658.16,1745029.58,Adults,Clothing,Mobile,2024
2024_JULDEC_0055,Campaign_2024_JULDEC_0055,2024-07-09,2024-07-31,Display,Africa,22406245,459765,30948,1331156.03,1517611.07,Adults,Electronics,Desktop,2024
2024_JULDEC_0056,Campaign_2024_JULDEC_0056,2024-07-06,2024-07-16,Display,South America,20827464,432131,23461,1052837.48,1374166.62,Youth,Travel,Tablet,2024
2024_JULDEC_0057,Campaign_2024_JULDEC_0057,2024-07-06,2024-07-21,Display,Africa,14552754,274777,34595,817833.39,1023707.38,Youth,Travel,Mobile,2024
2024_JULDEC_0058,Campaign_2024_JULDEC_0058,2024-07-05,2024-07-20,Display,Asia,26038051,601466,117554,1250870.0,1606161.76,Youth,Services,Desktop,2024
2024_JULDEC_0059,Campaign_2024_JULDEC_0059,2024-07-15,2024-07-31,Display,North America,16848169,731636,112113,942860.5,1337680.36,Seniors,Clothing,Mobile,2024
2024_JULDEC_0060,Campaign_2024_JULDEC_0060,2024-07-08,2024-07-30,Display,Africa,33891916,867725,97789,1383046.09,1583893.43,Adults,Home,Tablet,2024
2024_JULDEC_0061,Campaign_2024_JULDEC_0061,2024-07-15,2024-07-25,Print,North America,29856377,333976,24613,1290142.77,1983130.35,Youth,Services,Mobile,2024
2024_JULDEC_0062,Campaign_2024_JULDEC_0062,2024-07-11,2024-07-17,Print,Asia,17921630,292967,42502,855399.48,989341.23,Youth,Travel,Desktop,2024
2024_JULDEC_0063,Campaign_2024_JULDEC_0063,2024-07-13,2024-07-31,Print,Europe,27942938,361316,21900,1125188.9,1748485.77,Adults,Home,Mobile,2024
2024_JULDEC_0064,Campaign_2024_JULDEC_0064,2024-07-04,2024-07-17,Print,Asia,17506585,462800,45787,946567.38,1173425.69,Seniors,Home,Mobile,2024
2024_JULDEC_0065,Campaign_2024_JULDEC_0065,2024-07-13,2024-07-20,Print,North America,12609010,573449,42830,805021.26,956697.19,Seniors,Travel,Desktop,2024
2024_JULDEC_0066,Campaign_2024_JULDEC_0066,2024-07-02,2024-07-24,Print,North America,16983028,846785,46369,1129650.81,1544456.99,Adults,Electronics,Mobile,2024
2024_JULDEC_0067,Campaign_2024_JULDEC_0067,2024-07-12,2024-07-21,Print,Europe,33179019,831850,62732,1444533.86,1677285.01,Seniors,Services,Tablet,2024
2024_JULDEC_0068,Campaign_2024_JULDEC_0068,2024-07-08,2024-07-21,Print,South America,18520442,596311,72979,806461.24,1030045.3,Seniors,Electronics,Desktop,2024
2024_JULDEC_0069,Campaign_2024_JULDEC_0069,2024-07-15,2024-07-26,Print,Asia,19093485,679562,105646,837163.23,999512.93,Adults,Electronics,Desktop,2024
2024_JULDEC_0070,Campaign_2024_JULDEC_0070,2024-07-14,2024-07-30,Print,Europe,21352731,322633,25386,1321979.36,2036337.05,Adults,Services,Tablet,2024
2024_JULDEC_0071,Campaign_2024_JULDEC_0071,2024-07-10,2024-07-24,Print,Asia,24296557,605537,109024,1194135.45,1649799.02,Seniors,Travel,Tablet,2024
2024_JULDEC_0072,Campaign_2024_JULDEC_0072,2024-07-08,2024-07-25,Print,Africa,13581685,351884,50707,827498.7,1254781.17,Youth,Services,Tablet,2024
2024_JULDEC_0073,Campaign_2024_JULDEC_0073,2024-07-16,2024-07-23,Print,Africa,18617759,760820,127261,1041992.97,1641186.19,Seniors,Clothing,Desktop,2024
2024_JULDEC_0074,Campaign_2024_JULDEC_0074,2024-07-13,2024-07-25,Print,South America,18179632,865979,166039,1030443.05,1256509.06,Adults,Travel,Tablet,2024
2024_JULDEC_0075,Campaign_2024_JULDEC_0075,2024-07-04,2024-07-24,Print,Africa,14307428,307720,37889,860886.3,1294243.76,Seniors,Home,Mobile,2024
2024_JULDEC_0076,Campaign_2024_JULDEC_0076,2024-07-14,2024-07-24,Print,Africa,22049728,1082679,69126,1002963.77,1122626.76,Youth,Electronics,Tablet,2024
2024_JULDEC_0077,Campaign_2024_JULDEC_0077,2024-07-06,2024-07-22,Print,South America,16779902,399711,24617,960613.41,1258778.54,Adults,Services,Desktop,2024
2024_JULDEC_0078,Campaign_2024_JULDEC_0078,2024-07-04,2024-07-17,Print,Europe,17734021,236299,40226,1143829.99,1342399.85,Seniors,Services,Mobile,2024
2024_JULDEC_0079,Campaign_2024_JULDEC_0079,2024-07-07,2024-07-18,Print,Africa,35177562,924626,87034,1491710.68,2041613.75,Adults,Services,Tablet,2024
2024_JULDEC_0080,Campaign_2024_JULDEC_0080,2024-07-10,2024-07-15,Print,Africa,17821085,803981,148876,1016588.2,1619704.03,Seniors,Home,Tablet,2024
2024_JULDEC_0081,Campaign_2024_JULDEC_0081,2024-07-11,2024-07-17,Email,Africa,28261642,400954,72717,1307812.13,1970396.23,Youth,Electronics,Desktop,2024
2024_JULDEC_0082,Campaign_2024_JULDEC_0082,2024-07-04,2024-07-26,Email,Europe,22783439,258744,46899,1247781.55,1475806.9,Youth,Electronics,Desktop,2024
2024_JULDEC_0083,Campaign_2024_JULDEC_0083,2024-07-13,2024-07-31,Email,Asia,22541430,1013677,194732,1048396.95,1651922.23,Youth,Services,Desktop,2024
2024_JULDEC_0084,Campaign_2024_JULDEC_0084,2024-07-11,2024-07-29,Email,Africa,20470384,279514,46168,917889.48,1096970.88,Seniors,Electronics,Desktop,2024
2024_JULDEC_0085,Campaign_2024_JULDEC_0085,2024-07-02,2024-07-09,Email,Africa,30846254,866991,167136,1258703.87,1976675.44,Seniors,Services,Desktop,2024
2024_JULDEC_0086,Campaign_2024_JULDEC_0086,2024-07-14,2024-07-31,Email,Africa,30025647,1016683,76970,1473499.55,2332751.34,Youth,Travel,Desktop,2024
2024_JULDEC_0087,Campaign_2024_JULDEC_0087,2024-07-04,2024-07-19,Email,North America,20040094,270519,15583,1110796.67,1695549.06,Youth,Services,Tablet,2024
2024_JULDEC_0088,Campaign_2024_JULDEC_0088,2024-07-01,2024-07-09,Email,Asia,19812764,543212,65609,950160.12,1347068.43,Adults,Electronics,Mobile,2024
2024_JULDEC_0089,Campaign_2024_JULDEC_0089,2024-07-16,2024-07-28,Email,Europe,14397230,674160,79041,849873.7,963562.62,Youth,Travel,Desktop,2024
2024_JULDEC_0090,Campaign_2024_JULDEC_0090,2024-07-06,2024-07-18,Email,North America,23835706,507341,80971,1206578.32,1353772.66,Adults,Electronics,Mobile,2024
2024_JULDEC_0091,Campaign_2024_JULDEC_0091,2024-07-16,2024-07-21,Email,Europe,17056374,852079,66352,1049712.52,1321431.84,Seniors,Travel,Desktop,2024
2024_JULDEC_0092,Campaign_2024_JULDEC_0092,2024-07-06,2024-07-26,Email,Africa,16128794,273651,25972,855065.69,983277.72,Adults,Home,Mobile,2024
2024_JULDEC_0093,Campaign_2024_JULDEC_0093,2024-07-07,2024-07-22,Email,North America,24499779,592170,45996,1457517.83,2123945.61,Seniors,Clothing,Desktop,2024
2024_JULDEC_0094,Campaign_2024_JULDEC_0094,2024-07-02,2024-07-11,Email,North America,25559813,736557,115296,1336609.56,1582853.26,Seniors,Services,Tablet,2024
2024_JULDEC_0095,Campaign_2024_JULDEC_0095,2024-07-07,2024-07-17,Email,Asia,31898210,347780,29401,1336430.18,1659956.71,Adults,Travel,Tablet,2024
2024_JULDEC_0096,Campaign_2024_JULDEC_0096,2024-07-08,2024-07-23,Email,Africa,27329415,1250702,111482,1316480.08,1882503.11,Adults,Services,Tablet,2024
2024_JULDEC_0097,Campaign_2024_JULDEC_0097,2024-07-11,2024-07-28,Email,North America,29563349,1176336,140171,1231775.01,1623594.83,Adults,Travel,Desktop,2024
2024_JULDEC_0098,Campaign_2024_JULDEC_0098,2024-07-10,2024-07-15,Email,South America,24466304,425923,74588,1033665.91,1419359.19,Adults,Services,Desktop,2024
2024_JULDEC_0099,Campaign_2024_JULDEC_0099,2024-07-07,2024-07-25,Email,North America,30359514,1005502,143534,1425435.06,1613680.28,Youth,Home,Mobile,2024
2024_JULDEC_0100,Campaign_2024_JULDEC_0100,2024-07-10,2024-07-28,Email,Africa,22774777,1025329,172021,1130546.99,1656801.14,Youth,Services,Mobile,2024
2024_JULDEC_0101,Campaign_2024_JULDEC_0101,2024-08-10,2024-08-31,Search,South America,20941288,706184,137854,1274062.64,2020984.07,Youth,Electronics,Tablet,2024
2024_JULDEC_0102,Campaign_2024_JULDEC_0102,2024-08-04,2024-08-18,Search,Africa,22586187,352583,58701,1312275.56,1541370.61,Youth,Home,Mobile,2024
2024_JULDEC_0103,Campaign_2024_JULDEC_0103,2024-08-12,2024-08-31,Search,North America,18986431,228292,14404,824103.5,1028521.76,Youth,Travel,Mobile,2024
2024_JULDEC_0104,Campaign_2024_JULDEC_0104,2024-08-15,2024-08-24,Search,Europe,17402251,511096,72218,837497.17,1218638.5,Adults,Clothing,Mobile,2024
2024_JULDEC_0105,Campaign_2024_JULDEC_0105,2024-08-10,2024-08-26,Search,Africa,26858221,477064,93368,1276661.07,1662875.97,Adults,Travel,Desktop,2024
2024_JULDEC_0106,Campaign_2024_JULDEC_0106,2024-08-16,2024-08-31,Search,Africa,24124320,1053307,150660,1327587.38,1734488.63,Youth,Services,Mobile,2024
2024_JULDEC_0107,Campaign_2024_JULDEC_0107,2024-08-02,2024-08-07,Search,Africa,28383596,389033,39568,1442610.63,2202152.11,Adults,Travel,Desktop,2024
2024_JULDEC_0108,Campaign_2024_JULDEC_0108,2024-08-05,2024-08-13,Search,Europe,18948278,561676,48575,833467.31,1131517.58,Seniors,Services,Tablet,2024
2024_JULDEC_0109,Campaign_2024_JULDEC_0109,2024-08-06,2024-08-28,Search,Africa,29232828,617579,102264,1301266.18,1633997.47,Seniors,Electronics,Mobile,2024
2024_JULDEC_0110,Campaign_2024_JULDEC_0110,2024-08-16,2024-08-30,Search,Africa,23269431,1054974,200466,1011607.01,1384147.34,Adults,Home,Desktop,2024
2024_JULDEC_0111,Campaign_2024_JULDEC_0111,2024-08-16,2024-08-29,Search,Africa,21826562,221647,42109,1378639.33,2188851.12,Youth,Clothing,Tablet,2024
2024_JULDEC_0112,Campaign_2024_JULDEC_0112,2024-08-02,2024-08-08,Search,Europe,18342031,675142,47174,827881.66,1278391.29,Seniors,Services,Mobile,2024
2024_JULDEC_0113,Campaign_2024_JULDEC_0113,2024-08-16,2024-08-31,Search,Europe,25930558,399173,59123,1135184.61,1749803.31,Youth,Electronics,Mobile,2024
2024_JULDEC_0114,Campaign_2024_JULDEC_0114,2024-08-14,2024-08-25,Search,Africa,18162282,305265,27469,815678.17,1043773.63,Seniors,Services,Mobile,2024
2024_JULDEC_0115,Campaign_2024_JULDEC_0115,2024-08-08,2024-08-27,Search,South America,23890950,553160,47850,1461983.08,2141250.82,Seniors,Clothing,Mobile,2024
2024_JULDEC_0116,Campaign_2024_JULDEC_0116,2024-08-11,2024-08-28,Search,Africa,17562306,810569,139856,1125800.59,1671642.4,Youth,Clothing,Mobile,2024
2024_JULDEC_0117,Campaign_2024_JULDEC_0117,2024-08-16,2024-08-25,Search,Asia,29041064,1033786,127113,1441845.7,1800027.28,Youth,Electronics,Desktop,2024
2024_JULDEC_0118,Campaign_2024_JULDEC_0118,2024-08-02,2024-08-11,Search,Africa,17235505,560804,39410,801228.4,1088840.83,Seniors,Travel,Tablet,2024
2024_JULDEC_0119,Campaign_2024_JULDEC_0119,2024-08-05,2024-08-15,Search,North America,21011484,583365,44739,1343760.81,1806608.05,Seniors,Electronics,Tablet,2024
2024_JULDEC_0120,Campaign_2024_JULDEC_0120,2024-08-13,2024-08-28,Search,Asia,24123911,809870,71372,1210018.69,1372609.94,Seniors,Travel,Desktop,2024
2024_JULDEC_0121,Campaign_2024_JULDEC_0121,2024-08-15,2024-08-25,Social,Africa,17257951,605690,115694,867227.69,1385126.9,Adults,Clothing,Mobile,2024
2024_JULDEC_0122,Campaign_2024_JULDEC_0122,2024-08-16,2024-08-29,Social,South America,16671626,409346,33861,928447.62,1049849.02,Youth,Services,Desktop,2024
2024_JULDEC_0123,Campaign_2024_JULDEC_0123,2024-08-14,2024-08-19,Social,North America,23737820,312658,21900,954785.56,1081545.43,Youth,Travel,Tablet,2024
2024_JULDEC_0124,Campaign_2024_JULDEC_0124,2024-08-10,2024-08-25,Social,South America,28941708,1420473,158530,1206902.12,1353586.61,Seniors,Electronics,Tablet,2024
2024_JULDEC_0125,Campaign_2024_JULDEC_0125,2024-08-04,2024-08-15,Social,Asia,21170214,695640,41981,1144728.09,1686879.94,Seniors,Clothing,Tablet,2024
2024_JULDEC_0126,Campaign_2024_JULDEC_0126,2024-08-10,2024-08-26,Social,North America,29568199,736198,92251,1416506.07,1993607.84,Adults,Clothing,Tablet,2024
2024_JULDEC_0127,Campaign_2024_JULDEC_0127,2024-08-09,2024-08-24,Social,North America,23414764,380313,20963,1292097.37,1945546.04,Youth,Services,Desktop,2024
2024_JULDEC_0128,Campaign_2024_JULDEC_0128,2024-08-07,2024-08-24,Social,Africa,21469219,408095,66497,1152550.26,1771741.1,Adults,Services,Tablet,2024
2024_JULDEC_0129,Campaign_2024_JULDEC_0129,2024-08-15,2024-08-31,Social,Africa,30416677,378015,25991,1237007.41,1698447.16,Seniors,Travel,Desktop,2024
2024_JULDEC_0130,Campaign_2024_JULDEC_0130,2024-08-11,2024-08-19,Social,North America,17399214,679090,94379,1156418.91,1477193.41,Youth,Services,Desktop,2024
2024_JULDEC_0131,Campaign_2024_JULDEC_0131,2024-08-09,2024-08-30,Social,Europe,30535806,666995,39099,1329859.66,1878321.98,Adults,Electronics,Desktop,2024
2024_JULDEC_0132,Campaign_2024_JULDEC_0132,2024-08-07,2024-08-28,Social,North America,18054957,449673,65205,814120.83,1286060.15,Youth,Electronics,Tablet,2024
2024_JULDEC_0133,Campaign_2024_JULDEC_0133,2024-08-08,2024-08-17,Social,North America,25120357,1101857,86490,1039678.39,1549823.49,Youth,Electronics,Desktop,2024
2024_JULDEC_0134,Campaign_2024_JULDEC_0134,2024-08-12,2024-08-31,Social,Asia,27015912,545373,54881,1159407.54,1673734.05,Seniors,Services,Desktop,2024
2024_JULDEC_0135,Campaign_2024_JULDEC_0135,2024-08-01,2024-08-11,Social,Europe,18471423,337271,34466,902410.25,1116359.82,Adults,Travel,Desktop,2024
2024_JULDEC_0136,Campaign_2024_JULDEC_0136,2024-08-11,2024-08-19,Social,Europe,22594713,915848,86349,1147387.98,1472134.3,Youth,Travel,Desktop,2024
2024_JULDEC_0137,Campaign_2024_JULDEC_0137,2024-08-11,2024-08-24,Social,Asia,15660637,466062,89296,807387.79,955870.05,Youth,Travel,Tablet,2024
2024_JULDEC_0138,Campaign_2024_JULDEC_0138,2024-08-06,2024-08-12,Social,Europe,29428200,300595,59825,1272318.32,1446794.64,Seniors,Travel,Mobile,2024
2024_JULDEC_0139,Campaign_2024_JULDEC_0139,2024-08-11,2024-08-21,Social,Europe,18228384,382824,34277,857395.25,1223878.31,Adults,Clothing,Tablet,2024
2024_JULDEC_0140,Campaign_2024_JULDEC_0140,2024-08-06,2024-08-25,Social,North America,17716305,281355,52332,1032757.0,1627764.41,Seniors,Services,Mobile,2024
2024_JULDEC_0141,Campaign_2024_JULDEC_0141,2024-08-16,2024-08-31,Display,South America,21610106,931131,54709,938588.53,1360102.68,Adults,Home,Tablet,2024
2024_JULDEC_0142,Campaign_2024_JULDEC_0142,2024-08-09,2024-08-30,Display,Asia,18259648,560275,54654,1052677.84,1303706.71,Youth,Travel,Desktop,2024
2024_JULDEC_0143,Campaign_2024_JULDEC_0143,2024-08-16,2024-08-31,Display,Africa,24662945,686913,59785,1084172.13,1254244.03,Seniors,Electronics,Mobile,2024
2024_JULDEC_0144,Campaign_2024_JULDEC_0144,2024-08-11,2024-08-26,Display,Europe,21336091,265550,17978,914950.61,1064111.27,Youth,Clothing,Tablet,2024
2024_JULDEC_0145,Campaign_2024_JULDEC_0145,2024-08-13,2024-08-31,Display,Europe,23123116,259153,35175,1019547.7,1529516.0,Seniors,Home,Tablet,2024
2024_JULDEC_0146,Campaign_2024_JULDEC_0146,2024-08-07,2024-08-29,Display,North America,24466482,266464,51547,1077440.61,1514569.88,Youth,Services,Tablet,2024
2024_JULDEC_0147,Campaign_2024_JULDEC_0147,2024-08-04,2024-08-09,Display,Europe,27418041,864108,62728,1151188.54,1771060.51,Youth,Services,Mobile,2024
2024_JULDEC_0148,Campaign_2024_JULDEC_0148,2024-08-08,2024-08-26,Display,Africa,31114293,782326,47498,1440473.69,2010954.65,Seniors,Services,Mobile,2024
2024_JULDEC_0149,Campaign_2024_JULDEC_0149,2024-08-01,2024-08-13,Display,Asia,27261798,1117860,140748,1106461.89,1526675.39,Adults,Clothing,Desktop,2024
2024_JULDEC_0150,Campaign_2024_JULDEC_0150,2024-08-10,2024-08-21,Display,South America,22520281,238818,38479,979583.06,1146631.38,Seniors,Clothing,Desktop,2024
2024_JULDEC_0151,Campaign_2024_JULDEC_0151,2024-08-07,2024-08-25,Display,South America,30560772,932559,119445,1321372.47,1706067.92,Seniors,Home,Tablet,2024
2024_JULDEC_0152,Campaign_2024_JULDEC_0152,2024-08-09,2024-08-27,Display,North America,20086710,544982,46806,852165.34,1047894.38,Youth,Services,Tablet,2024
2024_JULDEC_0153,Campaign_2024_JULDEC_0153,2024-08-11,2024-08-16,Display,South America,17695917,465779,40894,1042340.92,1162784.65,Youth,Travel,Desktop,2024
2024_JULDEC_0154,Campaign_2024_JULDEC_0154,2024-08-07,2024-08-20,Display,North America,19006328,494924,67621,1037715.54,1245671.5,Adults,Travel,Mobile,2024
2024_JULDEC_0155,Campaign_2024_JULDEC_0155,2024-08-05,2024-08-21,Display,North America,22246424,866254,100267,1265270.14,1413801.79,Adults,Clothing,Desktop,2024
2024_JULDEC_0156,Campaign_2024_JULDEC_0156,2024-08-02,2024-08-22,Display,North America,34814560,517718,55075,1439814.29,1971319.69,Adults,Home,Desktop,2024
2024_JULDEC_0157,Campaign_2024_JULDEC_0157,2024-08-08,2024-08-27,Display,Africa,23247068,274092,16115,959535.46,1472370.3,Youth,Travel,Desktop,2024
2024_JULDEC_0158,Campaign_2024_JULDEC_0158,2024-08-10,2024-08-15,Display,South America,20188465,721705,36223,1285002.11,1933327.08,Seniors,Home,Desktop,2024
2024_JULDEC_0159,Campaign_2024_JULDEC_0159,2024-08-05,2024-08-25,Display,Asia,23220432,379646,54399,1272866.17,1481300.62,Seniors,Home,Mobile,2024
2024_JULDEC_0160,Campaign_2024_JULDEC_0160,2024-08-16,2024-08-31,Display,Asia,29349699,599900,111331,1220974.93,1881600.35,Seniors,Services,Mobile,2024
2024_JULDEC_0161,Campaign_2024_JULDEC_0161,2024-08-14,2024-08-31,Print,Asia,21321760,691495,108252,1142860.58,1760477.44,Seniors,Services,Tablet,2024
2024_JULDEC_0162,Campaign_2024_JULDEC_0162,2024-08-14,2024-08-21,Print,Europe,27619387,872945,119693,1179312.3,1690294.32,Seniors,Services,Tablet,2024
2024_JULDEC_0163,Campaign_2024_JULDEC_0163,2024-08-01,2024-08-10,Print,South America,19745488,905709,173664,1237366.03,1746203.9,Adults,Clothing,Desktop,2024
2024_JULDEC_0164,Campaign_2024_JULDEC_0164,2024-08-02,2024-08-18,Print,North America,23365305,1075214,95648,1415127.64,2075428.65,Adults,Clothing,Mobile,2024
2024_JULDEC_0165,Campaign_2024_JULDEC_0165,2024-08-10,2024-08-26,Print,Europe,26597855,1293312,192017,1420165.08,1844536.38,Youth,Home,Desktop,2024
2024_JULDEC_0166,Campaign_2024_JULDEC_0166,2024-08-07,2024-08-16,Print,South America,21466033,565904,49122,1098300.16,1600522.43,Seniors,Services,Tablet,2024
2024_JULDEC_0167,Campaign_2024_JULDEC_0167,2024-08-05,2024-08-14,Print,Africa,21846692,260894,18392,1433488.57,2080651.91,Adults,Travel,Desktop,2024
2024_JULDEC_0168,Campaign_2024_JULDEC_0168,2024-08-04,2024-08-19,Print,Asia,22982169,381357,39393,1156749.13,1376307.47,Seniors,Services,Tablet,2024
2024_JULDEC_0169,Campaign_2024_JULDEC_0169,2024-08-05,2024-08-26,Print,Asia,25444932,893941,83159,1060216.25,1203904.7,Youth,Travel,Desktop,2024
2024_JULDEC_0170,Campaign_2024_JULDEC_0170,2024-08-11,2024-08-24,Print,North America,13392899,537994,88744,853503.08,1329086.73,Adults,Services,Tablet,2024
2024_JULDEC_0171,Campaign_2024_JULDEC_0171,2024-08-12,2024-08-17,Print,South America,25402319,967174,160542,1091563.06,1428854.28,Adults,Home,Mobile,2024
2024_JULDEC_0172,Campaign_2024_JULDEC_0172,2024-08-13,2024-08-31,Print,North America,25388828,804635,94141,1416967.63,1573680.91,Youth,Travel,Tablet,2024
2024_JULDEC_0173,Campaign_2024_JULDEC_0173,2024-08-14,2024-08-31,Print,Asia,35101828,529960,58992,1407884.39,1784305.41,Adults,Travel,Desktop,2024
2024_JULDEC_0174,Campaign_2024_JULDEC_0174,2024-08-12,2024-08-19,Print,Asia,21601533,688361,99351,1285605.44,1965681.13,Youth,Electronics,Desktop,2024
2024_JULDEC_0175,Campaign_2024_JULDEC_0175,2024-08-02,2024-08-18,Print,Europe,29949943,1304541,121385,1225099.56,1707776.29,Adults,Clothing,Desktop,2024
2024_JULDEC_0176,Campaign_2024_JULDEC_0176,2024-08-06,2024-08-20,Print,North America,19833232,203088,39331,882952.78,1173703.61,Youth,Clothing,Tablet,2024
2024_JULDEC_0177,Campaign_2024_JULDEC_0177,2024-08-12,2024-08-24,Print,South America,22622913,820521,113104,1172735.08,1384839.8,Youth,Home,Mobile,2024
2024_JULDEC_0178,Campaign_2024_JULDEC_0178,2024-08-04,2024-08-15,Print,North America,17644010,720906,108478,1008117.66,1513859.8,Adults,Clothing,Desktop,2024
2024_JULDEC_0179,Campaign_2024_JULDEC_0179,2024-08-08,2024-08-18,Print,South America,31666991,586270,60442,1297607.84,1892507.29,Youth,Travel,Desktop,2024
2024_JULDEC_0180,Campaign_2024_JULDEC_0180,2024-08-11,2024-08-26,Print,North America,17570480,778817,123885,1114519.22,1480114.7,Youth,Services,Mobile,2024
2024_JULDEC_0181,Campaign_2024_JULDEC_0181,2024-08-02,2024-08-16,Email,Asia,19617097,378395,59394,840164.4,969876.85,Seniors,Electronics,Tablet,2024
2024_JULDEC_0182,Campaign_2024_JULDEC_0182,2024-08-04,2024-08-15,Email,Europe,29118506,1286613,150353,1235243.92,1620828.42,Youth,Services,Tablet,2024
2024_JULDEC_0183,Campaign_2024_JULDEC_0183,2024-08-09,2024-08-31,Email,Africa,21479135,892938,68949,1202402.78,1912429.92,Adults,Clothing,Desktop,2024
2024_JULDEC_0184,Campaign_2024_JULDEC_0184,2024-08-12,2024-08-29,Email,Africa,21912047,615422,46398,1038934.19,1524070.59,Seniors,Home,Mobile,2024
2024_JULDEC_0185,Campaign_2024_JULDEC_0185,2024-08-08,2024-08-31,Email,South America,22088399,557719,90266,1059421.42,1288162.73,Youth,Travel,Tablet,2024
2024_JULDEC_0186,Campaign_2024_JULDEC_0186,2024-08-14,2024-08-27,Email,North America,16435448,792970,99560,863580.96,1369199.05,Youth,Electronics,Mobile,2024
2024_JULDEC_0187,Campaign_2024_JULDEC_0187,2024-08-14,2024-08-27,Email,North America,32255223,702703,55106,1346479.12,1750199.53,Seniors,Clothing,Mobile,2024
2024_JULDEC_0188,Campaign_2024_JULDEC_0188,2024-08-16,2024-08-31,Email,Europe,35521395,420578,62516,1455179.52,2210514.25,Youth,Electronics,Mobile,2024
2024_JULDEC_0189,Campaign_2024_JULDEC_0189,2024-08-14,2024-08-31,Email,Africa,17407213,176288,28953,834639.7,1065927.79,Youth,Services,Tablet,2024
2024_JULDEC_0190,Campaign_2024_JULDEC_0190,2024-08-02,2024-08-09,Email,Europe,19777698,720542,129480,1013391.66,1163748.51,Adults,Services,Mobile,2024
2024_JULDEC_0191,Campaign_2024_JULDEC_0191,2024-08-12,2024-08-31,Email,South America,32741327,1194765,80894,1395672.97,1580442.65,Seniors,Travel,Tablet,2024
2024_JULDEC_0192,Campaign_2024_JULDEC_0192,2024-08-14,2024-08-31,Email,Africa,23364032,667745,43234,1004305.55,1147021.33,Adults,Home,Tablet,2024
2024_JULDEC_0193,Campaign_2024_JULDEC_0193,2024-08-03,2024-08-15,Email,Europe,33261014,893185,52950,1473058.11,2256408.95,Youth,Home,Tablet,2024
2024_JULDEC_0194,Campaign_2024_JULDEC_0194,2024-08-08,2024-08-20,Email,Asia,12808492,539263,94169,828098.51,1186600.79,Seniors,Electronics,Mobile,2024
2024_JULDEC_0195,Campaign_2024_JULDEC_0195,2024-08-10,2024-08-29,Email,South America,25843513,817782,139418,1091943.34,1280747.75,Youth,Home,Mobile,2024
2024_JULDEC_0196,Campaign_2024_JULDEC_0196,2024-08-08,2024-08-17,Email,Africa,25310670,1242041,164007,1249742.83,1532421.62,Adults,Home,Mobile,2024
2024_JULDEC_0197,Campaign_2024_JULDEC_0197,2024-08-11,2024-08-23,Email,Africa,15869629,348770,66728,994017.98,1334488.34,Youth,Electronics,Mobile,2024
2024_JULDEC_0198,Campaign_2024_JULDEC_0198,2024-08-11,2024-08-27,Email,South America,25044666,1000718,164579,1252326.45,1800375.95,Seniors,Home,Mobile,2024
2024_JULDEC_0199,Campaign_2024_JULDEC_0199,2024-08-13,2024-08-23,Email,South America,23046144,882652,101055,944140.26,1061661.48,Seniors,Electronics,Tablet,2024
2024_JULDEC_0200,Campaign_2024_JULDEC_0200,2024-08-02,2024-08-15,Email,Africa,26823566,361428,57620,1256511.83,1574862.23,Seniors,Home,Mobile,2024
2024_JULDEC_0201,Campaign_2024_JULDEC_0201,2024-09-05,2024-09-11,Search,Asia,32669433,1265313,111297,1440785.64,1933327.58,Seniors,Clothing,Tablet,2024
2024_JULDEC_0202,Campaign_2024_JULDEC_0202,2024-09-08,2024-09-14,Search,Europe,23100123,826386,86136,1180439.04,1554880.26,Adults,Electronics,Tablet,2024
2024_JULDEC_0203,Campaign_2024_JULDEC_0203,2024-09-15,2024-09-20,Search,Africa,16997856,387147,51134,879369.19,1176553.84,Adults,Electronics,Mobile,2024
2024_JULDEC_0204,Campaign_2024_JULDEC_0204,2024-09-02,2024-09-09,Search,Europe,33340488,1064317,156306,1363120.63,1621387.93,Youth,Electronics,Desktop,2024
2024_JULDEC_0205,Campaign_2024_JULDEC_0205,2024-09-10,2024-09-21,Search,Europe,22015025,375965,43157,1314808.74,1562146.81,Adults,Clothing,Tablet,2024
2024_JULDEC_0206,Campaign_2024_JULDEC_0206,2024-09-13,2024-09-26,Search,Europe,27679351,1206542,129926,1399795.73,2084011.94,Youth,Electronics,Tablet,2024
2024_JULDEC_0207,Campaign_2024_JULDEC_0207,2024-09-02,2024-09-17,Search,North America,21789044,245589,48515,1300340.25,1676182.57,Adults,Clothing,Mobile,2024
2024_JULDEC_0208,Campaign_2024_JULDEC_0208,2024-09-09,2024-09-21,Search,South America,28508883,1283799,237326,1245764.21,1663728.97,Seniors,Travel,Desktop,2024
2024_JULDEC_0209,Campaign_2024_JULDEC_0209,2024-09-07,2024-09-17,Search,Europe,27274113,996657,102061,1328133.1,1996936.39,Adults,Clothing,Desktop,2024
2024_JULDEC_0210,Campaign_2024_JULDEC_0210,2024-09-15,2024-09-30,Search,Africa,27138788,1118764,180685,1147798.41,1352358.16,Adults,Clothing,Desktop,2024
2024_JULDEC_0211,Campaign_2024_JULDEC_0211,2024-09-06,2024-09-28,Search,North America,14915293,286966,48122,963171.47,1501082.87,Seniors,Services,Mobile,2024
2024_JULDEC_0212,Campaign_2024_JULDEC_0212,2024-09-12,2024-09-19,Search,Europe,18167389,471375,86629,967158.98,1484688.85,Seniors,Clothing,Mobile,2024
2024_JULDEC_0213,Campaign_2024_JULDEC_0213,2024-09-11,2024-09-22,Search,Africa,24601789,1176982,208911,1023986.35,1146680.69,Adults,Clothing,Tablet,2024
2024_JULDEC_0214,Campaign_2024_JULDEC_0214,2024-09-05,2024-09-15,Search,Europe,22502931,479599,33045,982820.66,1234395.58,Seniors,Home,Tablet,2024
2024_JULDEC_0215,Campaign_2024_JULDEC_0215,2024-09-11,2024-09-26,Search,South America,15716561,677647,108635,872600.72,985953.92,Seniors,Services,Desktop,2024
2024_JULDEC_0216,Campaign_2024_JULDEC_0216,2024-09-09,2024-09-17,Search,South America,19270785,903814,94299,1236701.88,1514068.9,Adults,Travel,Desktop,2024
2024_JULDEC_0217,Campaign_2024_JULDEC_0217,2024-09-15,2024-09-30,Search,Asia,14477178,512980,64298,818850.77,1157418.74,Seniors,Travel,Desktop,2024
2024_JULDEC_0218,Campaign_2024_JULDEC_0218,2024-09-01,2024-09-14,Search,Europe,29094793,1202381,155716,1210679.36,1504103.64,Adults,Electronics,Tablet,2024
2024_JULDEC_0219,Campaign_2024_JULDEC_0219,2024-09-12,2024-09-30,Search,North America,31573857,910146,125273,1447260.17,1936968.5,Youth,Home,Mobile,2024
2024_JULDEC_0220,Campaign_2024_JULDEC_0220,2024-09-12,2024-09-30,Search,Europe,25594396,1035923,55603,1311087.94,1889341.2,Youth,Electronics,Tablet,2024
2024_JULDEC_0221,Campaign_2024_JULDEC_0221,2024-09-06,2024-09-18,Social,Africa,25343518,906778,143985,1427857.74,1844924.79,Youth,Home,Desktop,2024
2024_JULDEC_0222,Campaign_2024_JULDEC_0222,2024-09-07,2024-09-28,Social,North America,20761067,216810,15910,962911.73,1336475.47,Adults,Travel,Mobile,2024
2024_JULDEC_0223,Campaign_2024_JULDEC_0223,2024-09-04,2024-09-18,Social,Asia,27205930,593995,86944,1115722.53,1781606.37,Adults,Electronics,Mobile,2024
2024_JULDEC_0224,Campaign_2024_JULDEC_0224,2024-09-08,2024-09-29,Social,Asia,18253319,829506,67678,877533.33,1002490.04,Seniors,Home,Tablet,2024
2024_JULDEC_0225,Campaign_2024_JULDEC_0225,2024-09-14,2024-09-19,Social,Europe,22131205,524280,61826,1434477.38,2269677.95,Seniors,Travel,Desktop,2024
2024_JULDEC_0226,Campaign_2024_JULDEC_0226,2024-09-08,2024-09-25,Social,Africa,24397778,264831,39142,1170734.93,1421972.94,Adults,Electronics,Mobile,2024
2024_JULDEC_0227,Campaign_2024_JULDEC_0227,2024-09-09,2024-09-24,Social,South America,26195113,714656,69020,1407086.39,2023593.61,Adults,Clothing,Desktop,2024
2024_JULDEC_0228,Campaign_2024_JULDEC_0228,2024-09-05,2024-09-16,Social,Europe,31511136,666219,95430,1447404.18,2030267.63,Seniors,Electronics,Desktop,2024
2024_JULDEC_0229,Campaign_2024_JULDEC_0229,2024-09-03,2024-09-15,Social,Africa,18611322,455620,68094,885792.45,1407959.65,Seniors,Electronics,Desktop,2024
2024_JULDEC_0230,Campaign_2024_JULDEC_0230,2024-09-07,2024-09-20,Social,Europe,27774837,1273094,247873,1226976.16,1385951.54,Seniors,Home,Mobile,2024
2024_JULDEC_0231,Campaign_2024_JULDEC_0231,2024-09-10,2024-09-30,Social,Africa,21276762,594983,31290,1268626.49,1829862.64,Adults,Electronics,Desktop,2024
2024_JULDEC_0232,Campaign_2024_JULDEC_0232,2024-09-12,2024-09-26,Social,South America,17275410,859212,128979,880735.88,1239318.52,Seniors,Clothing,Mobile,2024
2024_JULDEC_0233,Campaign_2024_JULDEC_0233,2024-09-15,2024-09-30,Social,South America,20017524,798660,58665,809116.37,996515.87,Youth,Travel,Mobile,2024
2024_JULDEC_0234,Campaign_2024_JULDEC_0234,2024-09-12,2024-09-26,Social,Asia,19979833,667278,126023,1056684.29,1264965.55,Youth,Clothing,Desktop,2024
2024_JULDEC_0235,Campaign_2024_JULDEC_0235,2024-09-13,2024-09-28,Social,South America,22751083,609763,102411,1142100.56,1824314.01,Seniors,Travel,Desktop,2024
2024_JULDEC_0236,Campaign_2024_JULDEC_0236,2024-09-08,2024-09-13,Social,North America,29136847,841320,145445,1360193.92,2011048.09,Adults,Travel,Desktop,2024
2024_JULDEC_0237,Campaign_2024_JULDEC_0237,2024-09-07,2024-09-28,Social,Africa,28791806,1309053,221683,1239511.33,1831934.04,Adults,Home,Mobile,2024
2024_JULDEC_0238,Campaign_2024_JULDEC_0238,2024-09-13,2024-09-30,Social,South America,18911664,423830,54982,988483.66,1167767.81,Adults,Travel,Desktop,2024
2024_JULDEC_0239,Campaign_2024_JULDEC_0239,2024-09-11,2024-09-27,Social,North America,33620224,1042493,72947,1387136.5,1656495.9,Adults,Home,Mobile,2024
2024_JULDEC_0240,Campaign_2024_JULDEC_0240,2024-09-04,2024-09-14,Social,Europe,21569613,919391,60641,1271707.86,1562158.29,Seniors,Home,Desktop,2024
2024_JULDEC_0241,Campaign_2024_JULDEC_0241,2024-09-01,2024-09-08,Display,South America,15117277,205142,10453,887935.62,1054359.14,Seniors,Services,Mobile,2024
2024_JULDEC_0242,Campaign_2024_JULDEC_0242,2024-09-04,2024-09-29,Display,Europe,18765479,765879,145808,1187467.47,1409697.27,Seniors,Clothing,Desktop,2024
2024_JULDEC_0243,Campaign_2024_JULDEC_0243,2024-09-10,2024-09-16,Display,North America,21846745,304210,60838,1001023.88,1462543.78,Adults,Services,Desktop,2024
2024_JULDEC_0244,Campaign_2024_JULDEC_0244,2024-09-04,2024-09-12,Display,Asia,23909384,1058993,182326,1010195.37,1535747.77,Seniors,Home,Tablet,2024
2024_JULDEC_0245,Campaign_2024_JULDEC_0245,2024-09-11,2024-09-29,Display,North America,19750275,668536,116262,1241293.42,1791472.98,Youth,Travel,Tablet,2024
2024_JULDEC_0246,Campaign_2024_JULDEC_0246,2024-09-03,2024-09-20,Display,Africa,19964590,618757,65886,951200.74,1165174.66,Youth,Electronics,Desktop,2024
2024_JULDEC_0247,Campaign_2024_JULDEC_0247,2024-09-03,2024-09-22,Display,Europe,14876073,219188,14586,802138.73,1208018.01,Seniors,Electronics,Mobile,2024
2024_JULDEC_0248,Campaign_2024_JULDEC_0248,2024-09-07,2024-09-12,Display,North America,21419812,637652,123723,1004864.72,1195947.9,Seniors,Home,Mobile,2024
2024_JULDEC_0249,Campaign_2024_JULDEC_0249,2024-09-14,2024-09-29,Display,Asia,26471739,372704,50972,1410127.21,1629038.61,Seniors,Services,Tablet,2024
2024_JULDEC_0250,Campaign_2024_JULDEC_0250,2024-09-07,2024-09-24,Display,Asia,26262915,848880,146473,1225829.46,1808951.77,Adults,Home,Tablet,2024
2024_JULDEC_0251,Campaign_2024_JULDEC_0251,2024-09-07,2024-09-19,Display,North America,28152425,546430,74411,1222381.33,1520467.59,Youth,Home,Mobile,2024
2024_JULDEC_0252,Campaign_2024_JULDEC_0252,2024-09-14,2024-09-30,Display,Europe,21059683,325288,43376,891662.59,1234374.88,Youth,Clothing,Desktop,2024
2024_JULDEC_0253,Campaign_2024_JULDEC_0253,2024-09-03,2024-09-20,Display,South America,14276601,584205,95196,818381.76,973899.36,Seniors,Home,Desktop,2024
2024_JULDEC_0254,Campaign_2024_JULDEC_0254,2024-09-11,2024-09-29,Display,Africa,16710668,218090,36731,863740.62,1127643.06,Youth,Services,Desktop,2024
2024_JULDEC_0255,Campaign_2024_JULDEC_0255,2024-09-13,2024-09-25,Display,Europe,34304804,1298553,232445,1498915.88,1803511.27,Seniors,Clothing,Tablet,2024
2024_JULDEC_0256,Campaign_2024_JULDEC_0256,2024-09-03,2024-09-27,Display,Asia,23083767,651452,68025,935996.78,1259863.77,Seniors,Home,Desktop,2024
2024_JULDEC_0257,Campaign_2024_JULDEC_0257,2024-09-05,2024-09-30,Display,Europe,26281320,502397,51533,1089102.92,1496878.87,Seniors,Services,Mobile,2024
2024_JULDEC_0258,Campaign_2024_JULDEC_0258,2024-09-11,2024-09-28,Display,Africa,28792289,575639,40433,1341325.12,1484430.33,Seniors,Services,Tablet,2024
2024_JULDEC_0259,Campaign_2024_JULDEC_0259,2024-09-04,2024-09-13,Display,Europe,17600238,860404,72756,1031082.63,1598013.69,Seniors,Electronics,Desktop,2024
2024_JULDEC_0260,Campaign_2024_JULDEC_0260,2024-09-12,2024-09-19,Display,Asia,14040561,325380,21711,866439.51,1068188.83,Adults,Home,Tablet,2024
2024_JULDEC_0261,Campaign_2024_JULDEC_0261,2024-09-01,2024-09-14,Print,Asia,18221958,673230,84481,970918.6,1428754.49,Adults,Electronics,Desktop,2024
2024_JULDEC_0262,Campaign_2024_JULDEC_0262,2024-09-11,2024-09-23,Print,North America,31057885,1339741,237386,1248014.63,1403889.3,Adults,Services,Tablet,2024
2024_JULDEC_0263,Campaign_2024_JULDEC_0263,2024-09-10,2024-09-30,Print,Europe,19794990,630239,33200,985594.88,1154880.84,Youth,Travel,Desktop,2024
2024_JULDEC_0264,Campaign_2024_JULDEC_0264,2024-09-10,2024-09-30,Print,Asia,24910726,388691,60890,1211437.68,1790626.79,Adults,Clothing,Tablet,2024
2024_JULDEC_0265,Campaign_2024_JULDEC_0265,2024-09-09,2024-09-20,Print,North America,26945174,941415,61908,1472336.34,1956507.44,Seniors,Electronics,Tablet,2024
2024_JULDEC_0266,Campaign_2024_JULDEC_0266,2024-09-10,2024-09-29,Print,Africa,18615813,552531,45001,1144495.46,1292663.43,Youth,Travel,Tablet,2024
2024_JULDEC_0267,Campaign_2024_JULDEC_0267,2024-09-10,2024-09-30,Print,Asia,23168924,303251,25838,1207937.82,1524799.01,Adults,Travel,Desktop,2024
2024_JULDEC_0268,Campaign_2024_JULDEC_0268,2024-09-04,2024-09-21,Print,Europe,29509740,731437,106764,1232434.37,1838228.12,Youth,Home,Mobile,2024
2024_JULDEC_0269,Campaign_2024_JULDEC_0269,2024-09-11,2024-09-30,Print,North America,21070990,317268,30817,1058535.79,1556034.21,Seniors,Services,Tablet,2024
2024_JULDEC_0270,Campaign_2024_JULDEC_0270,2024-09-10,2024-09-21,Print,North America,19256417,374356,54488,887982.56,1013388.34,Seniors,Clothing,Desktop,2024
2024_JULDEC_0271,Campaign_2024_JULDEC_0271,2024-09-10,2024-09-30,Print,North America,22565421,477699,84624,1491376.24,1896145.89,Youth,Home,Tablet,2024
2024_JULDEC_0272,Campaign_2024_JULDEC_0272,2024-09-12,2024-09-30,Print,Africa,18987386,831702,138599,923684.37,1148716.53,Youth,Services,Desktop,2024
2024_JULDEC_0273,Campaign_2024_JULDEC_0273,2024-09-09,2024-09-21,Print,South America,14313880,233252,20693,898072.5,1114164.34,Seniors,Travel,Mobile,2024
2024_JULDEC_0274,Campaign_2024_JULDEC_0274,2024-09-14,2024-09-27,Print,Africa,15087024,390919,32727,996030.53,1280975.87,Seniors,Travel,Tablet,2024
2024_JULDEC_0275,Campaign_2024_JULDEC_0275,2024-09-13,2024-09-30,Print,Europe,28993871,1138697,193002,1493089.28,1684804.83,Adults,Services,Mobile,2024
2024_JULDEC_0276,Campaign_2024_JULDEC_0276,2024-09-11,2024-09-18,Print,South America,17635828,600375,78288,1054793.28,1466120.79,Seniors,Clothing,Desktop,2024
2024_JULDEC_0277,Campaign_2024_JULDEC_0277,2024-09-08,2024-09-30,Print,South America,17884738,300465,20624,926601.02,1024051.91,Adults,Travel,Desktop,2024
2024_JULDEC_0278,Campaign_2024_JULDEC_0278,2024-09-02,2024-09-17,Print,South America,19063136,337300,61101,1182534.3,1700522.87,Adults,Clothing,Desktop,2024
2024_JULDEC_0279,Campaign_2024_JULDEC_0279,2024-09-07,2024-09-16,Print,Asia,24536399,1158873,143279,1342460.57,1783789.9,Seniors,Services,Mobile,2024
2024_JULDEC_0280,Campaign_2024_JULDEC_0280,2024-09-07,2024-09-30,Print,North America,25997605,568135,58835,1356597.74,2006297.73,Youth,Travel,Mobile,2024
2024_JULDEC_0281,Campaign_2024_JULDEC_0281,2024-09-08,2024-09-25,Email,Africa,25790395,388408,39361,1239809.81,1854612.48,Youth,Electronics,Tablet,2024
2024_JULDEC_0282,Campaign_2024_JULDEC_0282,2024-09-06,2024-09-16,Email,Africa,17656554,552606,82729,908556.73,1393181.14,Seniors,Services,Desktop,2024
2024_JULDEC_0283,Campaign_2024_JULDEC_0283,2024-09-05,2024-09-27,Email,Asia,22117741,361040,66211,940644.42,1419343.76,Youth,Home,Tablet,2024
2024_JULDEC_0284,Campaign_2024_JULDEC_0284,2024-09-09,2024-09-15,Email,North America,18515648,428282,37026,838999.49,978261.49,Adults,Clothing,Mobile,2024
2024_JULDEC_0285,Campaign_2024_JULDEC_0285,2024-09-01,2024-09-16,Email,South America,29670613,1377950,142346,1273105.86,1980076.05,Youth,Clothing,Desktop,2024
2024_JULDEC_0286,Campaign_2024_JULDEC_0286,2024-09-14,2024-09-30,Email,Africa,20340262,622088,101805,864697.73,1253015.33,Youth,Electronics,Tablet,2024
2024_JULDEC_0287,Campaign_2024_JULDEC_0287,2024-09-14,2024-09-26,Email,North America,20859426,762035,97733,1111121.43,1550629.59,Youth,Services,Tablet,2024
2024_JULDEC_0288,Campaign_2024_JULDEC_0288,2024-09-05,2024-09-27,Email,Europe,34096422,912673,105727,1493313.13,2064340.98,Youth,Home,Mobile,2024
2024_JULDEC_0289,Campaign_2024_JULDEC_0289,2024-09-04,2024-09-12,Email,Africa,17607288,397758,56092,1052247.36,1562964.7,Seniors,Travel,Tablet,2024
2024_JULDEC_0290,Campaign_2024_JULDEC_0290,2024-09-11,2024-09-22,Email,Asia,16262192,548759,67493,876612.98,1138298.25,Seniors,Clothing,Tablet,2024
2024_JULDEC_0291,Campaign_2024_JULDEC_0291,2024-09-03,2024-09-08,Email,North America,20806712,511232,50161,903352.6,1280810.35,Adults,Electronics,Desktop,2024
2024_JULDEC_0292,Campaign_2024_JULDEC_0292,2024-09-07,2024-09-12,Email,South America,23144314,833486,43071,1379849.74,1837324.96,Youth,Electronics,Tablet,2024
2024_JULDEC_0293,Campaign_2024_JULDEC_0293,2024-09-10,2024-09-28,Email,Europe,21934437,939138,88521,1172712.46,1710302.63,Seniors,Home,Desktop,2024
2024_JULDEC_0294,Campaign_2024_JULDEC_0294,2024-09-01,2024-09-11,Email,Asia,18171749,521199,68984,866800.3,1089635.67,Youth,Clothing,Mobile,2024
2024_JULDEC_0295,Campaign_2024_JULDEC_0295,2024-09-06,2024-09-18,Email,Asia,27131228,304528,42678,1400013.62,1981662.1,Seniors,Electronics,Tablet,2024
2024_JULDEC_0296,Campaign_2024_JULDEC_0296,2024-09-08,2024-09-21,Email,Europe,24048057,867454,45198,1100257.37,1219958.31,Adults,Services,Mobile,2024
2024_JULDEC_0297,Campaign_2024_JULDEC_0297,2024-09-05,2024-09-10,Email,South America,23253947,935797,122192,1038756.37,1499728.56,Youth,Electronics,Mobile,2024
2024_JULDEC_0298,Campaign_2024_JULDEC_0298,2024-09-07,2024-09-29,Email,Africa,17893443,216800,22591,840496.83,970751.09,Seniors,Electronics,Mobile,2024
2024_JULDEC_0299,Campaign_2024_JULDEC_0299,2024-09-10,2024-09-30,Email,South America,22276413,678925,58121,932632.65,1068836.06,Seniors,Travel,Tablet,2024
2024_JULDEC_0300,Campaign_2024_JULDEC_0300,2024-09-09,2024-09-24,Email,Africa,20821322,654265,51872,1183741.07,1683302.61,Seniors,Travel,Desktop,2024
2024_JULDEC_0301,Campaign_2024_JULDEC_0301,2024-10-16,2024-10-30,Search,Africa,37906128,849706,117646,1690386.28,2403374.55,Adults,Services,Tablet,2024
2024_JULDEC_0302,Campaign_2024_JULDEC_0302,2024-10-08,2024-10-17,Search,Africa,35218660,688826,86387,1945811.08,2724478.48,Youth,Services,Desktop,2024
2024_JULDEC_0303,Campaign_2024_JULDEC_0303,2024-10-05,2024-10-16,Search,Asia,25192231,742614,53498,1294234.0,2014309.7,Youth,Clothing,Desktop,2024
2024_JULDEC_0304,Campaign_2024_JULDEC_0304,2024-10-14,2024-10-29,Search,Asia,34235487,862965,78257,1411669.72,1617429.24,Seniors,Electronics,Desktop,2024
2024_JULDEC_0305,Campaign_2024_JULDEC_0305,2024-10-05,2024-10-28,Search,Europe,31457733,1247828,173349,1711998.91,2200981.16,Adults,Services,Mobile,2024
2024_JULDEC_0306,Campaign_2024_JULDEC_0306,2024-10-05,2024-10-13,Search,Asia,27886113,968979,88182,1668764.77,2441763.8,Youth,Electronics,Desktop,2024
2024_JULDEC_0307,Campaign_2024_JULDEC_0307,2024-10-11,2024-10-27,Search,Africa,42374438,678830,84838,1948662.88,2854991.88,Adults,Travel,Desktop,2024
2024_JULDEC_0308,Campaign_2024_JULDEC_0308,2024-10-06,2024-10-13,Search,Asia,32553153,1455298,219280,1368479.2,1720405.64,Youth,Clothing,Mobile,2024
2024_JULDEC_0309,Campaign_2024_JULDEC_0309,2024-10-14,2024-10-28,Search,South America,27332550,996140,80885,1741468.21,1944303.76,Seniors,Travel,Tablet,2024
2024_JULDEC_0310,Campaign_2024_JULDEC_0310,2024-10-12,2024-10-31,Search,North America,40565004,1500047,148400,1758266.16,2446171.35,Youth,Clothing,Mobile,2024
2024_JULDEC_0311,Campaign_2024_JULDEC_0311,2024-10-08,2024-10-16,Search,Asia,38523828,667682,60240,1817108.96,2709163.07,Adults,Electronics,Mobile,2024
2024_JULDEC_0312,Campaign_2024_JULDEC_0312,2024-10-03,2024-10-11,Search,South America,26038340,919501,131956,1334609.63,1918372.82,Seniors,Home,Desktop,2024
2024_JULDEC_0313,Campaign_2024_JULDEC_0313,2024-10-16,2024-10-31,Search,South America,43215798,1036536,201806,1824220.95,2664476.66,Youth,Clothing,Mobile,2024
2024_JULDEC_0314,Campaign_2024_JULDEC_0314,2024-10-11,2024-10-23,Search,Africa,32546459,838294,116207,1333564.17,2043392.81,Seniors,Clothing,Tablet,2024
2024_JULDEC_0315,Campaign_2024_JULDEC_0315,2024-10-12,2024-10-23,Search,Europe,25119643,410967,73404,1474511.12,1672672.79,Youth,Clothing,Tablet,2024
2024_JULDEC_0316,Campaign_2024_JULDEC_0316,2024-10-14,2024-10-25,Search,Asia,18484173,351459,66048,1007378.42,1337487.71,Youth,Services,Mobile,2024
2024_JULDEC_0317,Campaign_2024_JULDEC_0317,2024-10-01,2024-10-11,Search,Europe,24311506,265604,19359,1238177.49,1525071.44,Adults,Clothing,Mobile,2024
2024_JULDEC_0318,Campaign_2024_JULDEC_0318,2024-10-04,2024-10-22,Search,North America,27250092,657949,65175,1220046.63,1910378.24,Adults,Services,Tablet,2024
2024_JULDEC_0319,Campaign_2024_JULDEC_0319,2024-10-11,2024-10-26,Search,North America,36674299,466348,57856,1601780.39,2387163.83,Seniors,Clothing,Mobile,2024
2024_JULDEC_0320,Campaign_2024_JULDEC_0320,2024-10-12,2024-10-31,Search,South America,26843542,705914,118270,1168201.3,1414501.6,Youth,Clothing,Tablet,2024
2024_JULDEC_0321,Campaign_2024_JULDEC_0321,2024-10-09,2024-10-31,Social,Asia,26309739,270645,34357,1241524.27,1905452.31,Adults,Home,Desktop,2024
2024_JULDEC_0322,Campaign_2024_JULDEC_0322,2024-10-05,2024-10-10,Social,North America,43842844,463474,56375,1879929.71,2096551.05,Adults,Services,Desktop,2024
2024_JULDEC_0323,Campaign_2024_JULDEC_0323,2024-10-04,2024-10-11,Social,Asia,31719901,487584,27686,1281872.26,1857594.62,Seniors,Clothing,Desktop,2024
2024_JULDEC_0324,Campaign_2024_JULDEC_0324,2024-10-05,2024-10-18,Social,Asia,33820918,1407567,253065,1793665.25,2123636.12,Youth,Clothing,Mobile,2024
2024_JULDEC_0325,Campaign_2024_JULDEC_0325,2024-10-16,2024-10-31,Social,Asia,43037901,1579512,258253,1801003.86,1988352.45,Seniors,Home,Tablet,2024
2024_JULDEC_0326,Campaign_2024_JULDEC_0326,2024-10-06,2024-10-12,Social,Asia,28456435,1299713,248538,1615992.63,2172564.97,Adults,Home,Tablet,2024
2024_JULDEC_0327,Campaign_2024_JULDEC_0327,2024-10-09,2024-10-29,Social,North America,20841114,745823,146133,1377534.97,2194958.6,Adults,Services,Mobile,2024
2024_JULDEC_0328,Campaign_2024_JULDEC_0328,2024-10-07,2024-10-13,Social,North America,27593991,872552,70289,1323190.17,1490853.26,Seniors,Travel,Mobile,2024
2024_JULDEC_0329,Campaign_2024_JULDEC_0329,2024-10-06,2024-10-22,Social,North America,35953953,410610,73638,1619062.14,1870470.04,Adults,Travel,Desktop,2024
2024_JULDEC_0330,Campaign_2024_JULDEC_0330,2024-10-16,2024-10-31,Social,Africa,22437677,864706,124703,1058313.08,1315356.68,Adults,Electronics,Desktop,2024
2024_JULDEC_0331,Campaign_2024_JULDEC_0331,2024-10-01,2024-10-12,Social,Asia,20995556,905545,134211,1081222.66,1228726.53,Seniors,Services,Tablet,2024
2024_JULDEC_0332,Campaign_2024_JULDEC_0332,2024-10-02,2024-10-27,Social,North America,37714336,1660550,98566,1853268.43,2213967.94,Youth,Electronics,Desktop,2024
2024_JULDEC_0333,Campaign_2024_JULDEC_0333,2024-10-08,2024-10-22,Social,Europe,34359573,1296057,226921,1458477.56,2215558.99,Seniors,Electronics,Desktop,2024
2024_JULDEC_0334,Campaign_2024_JULDEC_0334,2024-10-09,2024-10-19,Social,Africa,33118251,1230507,177953,1543427.36,2157147.55,Seniors,Home,Mobile,2024
2024_JULDEC_0335,Campaign_2024_JULDEC_0335,2024-10-15,2024-10-23,Social,North America,25242065,310424,49796,1391654.36,1747680.8,Youth,Travel,Desktop,2024
2024_JULDEC_0336,Campaign_2024_JULDEC_0336,2024-10-01,2024-10-09,Social,South America,19559061,201564,34075,1137664.54,1356689.47,Youth,Services,Mobile,2024
2024_JULDEC_0337,Campaign_2024_JULDEC_0337,2024-10-08,2024-10-18,Social,South America,31670272,475261,50051,1559431.57,2400003.2,Adults,Services,Mobile,2024
2024_JULDEC_0338,Campaign_2024_JULDEC_0338,2024-10-05,2024-10-10,Social,Asia,30550624,392566,21715,1535122.43,2131056.79,Youth,Clothing,Tablet,2024
2024_JULDEC_0339,Campaign_2024_JULDEC_0339,2024-10-02,2024-10-16,Social,South America,20189412,1006496,54521,1061035.91,1576142.03,Adults,Services,Mobile,2024
2024_JULDEC_0340,Campaign_2024_JULDEC_0340,2024-10-12,2024-10-31,Social,Africa,33863580,1548883,210487,1784710.45,2057455.91,Adults,Home,Tablet,2024
2024_JULDEC_0341,Campaign_2024_JULDEC_0341,2024-10-11,2024-10-17,Display,North America,19094639,454232,27898,1144818.34,1328084.09,Adults,Home,Tablet,2024
2024_JULDEC_0342,Campaign_2024_JULDEC_0342,2024-10-07,2024-10-28,Display,Europe,22917392,625199,117342,1449430.72,2107663.0,Seniors,Clothing,Desktop,2024
2024_JULDEC_0343,Campaign_2024_JULDEC_0343,2024-10-02,2024-10-14,Display,North America,43600503,1041747,62360,1813342.3,2636809.02,Youth,Clothing,Mobile,2024
2024_JULDEC_0344,Campaign_2024_JULDEC_0344,2024-10-01,2024-10-09,Display,South America,43012245,1810778,222364,1890331.69,2179550.48,Youth,Electronics,Desktop,2024
2024_JULDEC_0345,Campaign_2024_JULDEC_0345,2024-10-06,2024-10-29,Display,Europe,23425291,820272,46078,1369712.67,1838401.83,Youth,Clothing,Tablet,2024
2024_JULDEC_0346,Campaign_2024_JULDEC_0346,2024-10-12,2024-10-23,Display,North America,30629759,1137077,103124,1254593.15,1422925.17,Youth,Home,Tablet,2024
2024_JULDEC_0347,Campaign_2024_JULDEC_0347,2024-10-02,2024-10-07,Display,North America,22493358,692396,35408,1124170.61,1349722.96,Youth,Clothing,Tablet,2024
2024_JULDEC_0348,Campaign_2024_JULDEC_0348,2024-10-08,2024-10-18,Display,Africa,41817674,1940779,207078,1737964.27,2665380.61,Seniors,Electronics,Desktop,2024
2024_JULDEC_0349,Campaign_2024_JULDEC_0349,2024-10-10,2024-10-15,Display,Africa,29383026,1065075,111996,1176105.42,1360070.28,Youth,Services,Mobile,2024
2024_JULDEC_0350,Campaign_2024_JULDEC_0350,2024-10-10,2024-10-16,Display,Europe,24298080,1007708,107750,1508353.21,2161705.23,Adults,Services,Mobile,2024
2024_JULDEC_0351,Campaign_2024_JULDEC_0351,2024-10-13,2024-10-29,Display,Europe,25492948,521582,66144,1153445.66,1533384.61,Adults,Electronics,Mobile,2024
2024_JULDEC_0352,Campaign_2024_JULDEC_0352,2024-10-09,2024-10-23,Display,Europe,36537664,1156528,112210,1915309.1,2588826.26,Seniors,Services,Desktop,2024
2024_JULDEC_0353,Campaign_2024_JULDEC_0353,2024-10-02,2024-10-18,Display,Asia,23378723,818054,82586,1021496.96,1246284.39,Adults,Travel,Mobile,2024
2024_JULDEC_0354,Campaign_2024_JULDEC_0354,2024-10-14,2024-10-27,Display,South America,24607544,938150,95085,1200306.52,1729673.25,Seniors,Services,Mobile,2024
2024_JULDEC_0355,Campaign_2024_JULDEC_0355,2024-10-13,2024-10-18,Display,Asia,23386257,635439,50879,1295296.42,1498367.24,Adults,Clothing,Mobile,2024
2024_JULDEC_0356,Campaign_2024_JULDEC_0356,2024-10-04,2024-10-15,Display,Europe,35938170,1280788,86076,1587667.89,1820470.78,Youth,Electronics,Mobile,2024
2024_JULDEC_0357,Campaign_2024_JULDEC_0357,2024-10-03,2024-10-10,Display,Asia,28707462,346931,24990,1371615.28,1737129.54,Seniors,Electronics,Tablet,2024
2024_JULDEC_0358,Campaign_2024_JULDEC_0358,2024-10-03,2024-10-27,Display,Asia,38563980,1805161,99622,1923378.32,2977590.9,Adults,Clothing,Tablet,2024
2024_JULDEC_0359,Campaign_2024_JULDEC_0359,2024-10-13,2024-10-27,Display,Africa,40386427,1714383,97669,1963711.86,2649505.75,Seniors,Home,Mobile,2024
2024_JULDEC_0360,Campaign_2024_JULDEC_0360,2024-10-05,2024-10-26,Display,Africa,36680523,1095743,129811,1860883.04,2091204.54,Adults,Electronics,Desktop,2024
2024_JULDEC_0361,Campaign_2024_JULDEC_0361,2024-10-02,2024-10-21,Print,North America,25101155,724866,78355,1466313.79,2145820.07,Seniors,Clothing,Tablet,2024
2024_JULDEC_0362,Campaign_2024_JULDEC_0362,2024-10-16,2024-10-31,Print,South America,38175272,1018474,91303,1631905.67,2201551.55,Adults,Services,Desktop,2024
2024_JULDEC_0363,Campaign_2024_JULDEC_0363,2024-10-08,2024-10-30,Print,South America,30842977,854150,98278,1730598.92,2202317.22,Youth,Travel,Desktop,2024
2024_JULDEC_0364,Campaign_2024_JULDEC_0364,2024-10-14,2024-10-26,Print,South America,19201396,415735,50565,1066281.74,1597281.59,Youth,Home,Mobile,2024
2024_JULDEC_0365,Campaign_2024_JULDEC_0365,2024-10-13,2024-10-24,Print,Africa,23150557,277355,41007,1068227.65,1651065.12,Youth,Clothing,Desktop,2024
2024_JULDEC_0366,Campaign_2024_JULDEC_0366,2024-10-16,2024-10-31,Print,Africa,18398486,249953,20654,1130397.46,1417582.66,Seniors,Home,Mobile,2024
2024_JULDEC_0367,Campaign_2024_JULDEC_0367,2024-10-03,2024-10-18,Print,Asia,21178082,221152,38374,1009758.01,1271156.22,Seniors,Services,Desktop,2024
2024_JULDEC_0368,Campaign_2024_JULDEC_0368,2024-10-10,2024-10-18,Print,South America,36067787,1333189,225889,1545144.25,2212131.93,Seniors,Electronics,Mobile,2024
2024_JULDEC_0369,Campaign_2024_JULDEC_0369,2024-10-09,2024-10-16,Print,Africa,22600935,626356,116286,1170765.06,1409690.6,Adults,Travel,Tablet,2024
2024_JULDEC_0370,Campaign_2024_JULDEC_0370,2024-10-03,2024-10-15,Print,Africa,27928672,748734,146627,1130181.34,1462260.85,Youth,Travel,Tablet,2024
2024_JULDEC_0371,Campaign_2024_JULDEC_0371,2024-10-10,2024-10-30,Print,Asia,44570037,897267,60473,1988923.74,2545654.29,Youth,Home,Tablet,2024
2024_JULDEC_0372,Campaign_2024_JULDEC_0372,2024-10-01,2024-10-21,Print,South America,30327024,966464,181808,1266623.06,1952871.14,Adults,Services,Tablet,2024
2024_JULDEC_0373,Campaign_2024_JULDEC_0373,2024-10-15,2024-10-31,Print,Europe,35555184,1590118,93160,1749068.49,2315236.39,Adults,Electronics,Mobile,2024
2024_JULDEC_0374,Campaign_2024_JULDEC_0374,2024-10-12,2024-10-28,Print,Africa,43912022,1175669,140078,1975885.08,3066292.78,Adults,Home,Desktop,2024
2024_JULDEC_0375,Campaign_2024_JULDEC_0375,2024-10-07,2024-10-25,Print,Europe,32955611,920963,53835,1410640.9,2042610.28,Youth,Services,Mobile,2024
2024_JULDEC_0376,Campaign_2024_JULDEC_0376,2024-10-07,2024-10-15,Print,North America,27681456,864108,165495,1145412.51,1421733.9,Adults,Electronics,Mobile,2024
2024_JULDEC_0377,Campaign_2024_JULDEC_0377,2024-10-16,2024-10-23,Print,Africa,32406834,1272319,118769,1556103.35,1817491.96,Youth,Services,Tablet,2024
2024_JULDEC_0378,Campaign_2024_JULDEC_0378,2024-10-16,2024-10-31,Print,North America,20043216,897549,61046,1117484.16,1608810.37,Adults,Travel,Mobile,2024
2024_JULDEC_0379,Campaign_2024_JULDEC_0379,2024-10-12,2024-10-28,Print,South America,26727431,1144540,189858,1666648.52,2566394.47,Youth,Home,Mobile,2024
2024_JULDEC_0380,Campaign_2024_JULDEC_0380,2024-10-10,2024-10-25,Print,Africa,33407867,587807,67560,1410644.37,1661085.36,Seniors,Travel,Mobile,2024
2024_JULDEC_0381,Campaign_2024_JULDEC_0381,2024-10-14,2024-10-31,Email,North America,24213017,1038527,126328,1176890.78,1624121.75,Adults,Home,Desktop,2024
2024_JULDEC_0382,Campaign_2024_JULDEC_0382,2024-10-04,2024-10-18,Email,Africa,23038119,603007,112200,1331381.09,1580298.5,Seniors,Travel,Mobile,2024
2024_JULDEC_0383,Campaign_2024_JULDEC_0383,2024-10-15,2024-10-22,Email,Asia,39417067,1778396,122099,1688531.7,2641701.53,Adults,Travel,Mobile,2024
2024_JULDEC_0384,Campaign_2024_JULDEC_0384,2024-10-03,2024-10-27,Email,Africa,17561978,545425,85341,1108417.84,1743864.44,Youth,Travel,Desktop,2024
2024_JULDEC_0385,Campaign_2024_JULDEC_0385,2024-10-06,2024-10-25,Email,Europe,44375848,818933,90394,1994265.16,2893502.3,Youth,Electronics,Mobile,2024
2024_JULDEC_0386,Campaign_2024_JULDEC_0386,2024-10-12,2024-10-31,Email,North America,46901424,2077258,189188,1951320.01,3027681.92,Seniors,Travel,Mobile,2024
2024_JULDEC_0387,Campaign_2024_JULDEC_0387,2024-10-01,2024-10-20,Email,South America,35889858,624966,40673,1941866.18,2380882.5,Adults,Home,Mobile,2024
2024_JULDEC_0388,Campaign_2024_JULDEC_0388,2024-10-16,2024-10-31,Email,Asia,29075638,549466,96500,1266634.73,1776283.25,Seniors,Travel,Tablet,2024
2024_JULDEC_0389,Campaign_2024_JULDEC_0389,2024-10-15,2024-10-31,Email,Europe,29230332,1005770,90389,1827214.4,2877503.94,Youth,Home,Desktop,2024
2024_JULDEC_0390,Campaign_2024_JULDEC_0390,2024-10-15,2024-10-31,Email,North America,21796327,450463,60316,1041835.92,1214009.66,Adults,Clothing,Mobile,2024
2024_JULDEC_0391,Campaign_2024_JULDEC_0391,2024-10-15,2024-10-31,Email,North America,26652913,572574,93129,1547144.36,1810083.08,Seniors,Clothing,Tablet,2024
2024_JULDEC_0392,Campaign_2024_JULDEC_0392,2024-10-14,2024-10-21,Email,Africa,32057613,1028144,82039,1804428.66,2576051.33,Adults,Home,Desktop,2024
2024_JULDEC_0393,Campaign_2024_JULDEC_0393,2024-10-02,2024-10-18,Email,Europe,31175392,351557,33109,1722168.74,2507095.2,Adults,Travel,Mobile,2024
2024_JULDEC_0394,Campaign_2024_JULDEC_0394,2024-10-13,2024-10-31,Email,North America,19908079,393979,29494,1230525.96,1456007.63,Adults,Electronics,Desktop,2024
2024_JULDEC_0395,Campaign_2024_JULDEC_0395,2024-10-08,2024-10-29,Email,North America,44942418,1610757,233932,1824255.79,2870078.45,Adults,Services,Desktop,2024
2024_JULDEC_0396,Campaign_2024_JULDEC_0396,2024-10-12,2024-10-22,Email,South America,39855126,400475,69529,1833596.0,2541980.4,Adults,Home,Tablet,2024
2024_JULDEC_0397,Campaign_2024_JULDEC_0397,2024-10-10,2024-10-21,Email,Africa,32221082,675435,109620,1374671.9,2013480.63,Seniors,Travel,Mobile,2024
2024_JULDEC_0398,Campaign_2024_JULDEC_0398,2024-10-06,2024-10-16,Email,Europe,38192733,1728411,94521,1949650.88,2263402.19,Adults,Electronics,Tablet,2024
2024_JULDEC_0399,Campaign_2024_JULDEC_0399,2024-10-15,2024-10-31,Email,Europe,33676705,1051190,91542,1440019.29,1980090.6,Adults,Travel,Tablet,2024
2024_JULDEC_0400,Campaign_2024_JULDEC_0400,2024-10-07,2024-10-31,Email,Asia,20402606,529595,59909,1044562.49,1556096.28,Seniors,Clothing,Desktop,2024
2024_JULDEC_0401,Campaign_2024_JULDEC_0401,2024-11-13,2024-11-30,Search,South America,23826709,801290,46966,1180261.61,1798413.07,Adults,Electronics,Desktop,2024
2024_JULDEC_0402,Campaign_2024_JULDEC_0402,2024-11-11,2024-11-25,Search,North America,37061846,686727,120205,1742316.5,2666286.44,Youth,Services,Desktop,2024
2024_JULDEC_0403,Campaign_2024_JULDEC_0403,2024-11-01,2024-11-17,Search,Africa,32812255,484839,68374,1835535.23,2143746.72,Seniors,Services,Tablet,2024
2024_JULDEC_0404,Campaign_2024_JULDEC_0404,2024-11-07,2024-11-15,Search,South America,36271085,935295,88326,1697186.74,1923372.32,Youth,Clothing,Tablet,2024
2024_JULDEC_0405,Campaign_2024_JULDEC_0405,2024-11-07,2024-11-19,Search,Asia,28535579,1142493,85588,1830414.27,2180764.23,Adults,Clothing,Tablet,2024
2024_JULDEC_0406,Campaign_2024_JULDEC_0406,2024-11-14,2024-11-30,Search,Africa,23823772,308063,18215,1384015.09,1533846.09,Seniors,Home,Tablet,2024
2024_JULDEC_0407,Campaign_2024_JULDEC_0407,2024-11-09,2024-11-20,Search,Europe,24078234,291914,33666,1171829.08,1460558.64,Adults,Electronics,Desktop,2024
2024_JULDEC_0408,Campaign_2024_JULDEC_0408,2024-11-03,2024-11-26,Search,Africa,25938855,357858,32362,1470946.72,1723273.99,Seniors,Clothing,Mobile,2024
2024_JULDEC_0409,Campaign_2024_JULDEC_0409,2024-11-05,2024-11-30,Search,South America,41255718,886979,144236,1760252.94,2199581.69,Adults,Clothing,Desktop,2024
2024_JULDEC_0410,Campaign_2024_JULDEC_0410,2024-11-13,2024-11-19,Search,North America,23612884,979911,161868,1131286.83,1760078.55,Seniors,Home,Tablet,2024
2024_JULDEC_0411,Campaign_2024_JULDEC_0411,2024-11-03,2024-11-10,Search,South America,19853291,544573,70414,1256008.43,1852277.97,Adults,Clothing,Tablet,2024
2024_JULDEC_0412,Campaign_2024_JULDEC_0412,2024-11-12,2024-11-21,Search,Europe,24517808,601511,40731,1341988.25,1860734.45,Seniors,Travel,Tablet,2024
2024_JULDEC_0413,Campaign_2024_JULDEC_0413,2024-11-15,2024-11-30,Search,Africa,41289536,1668315,213996,1803423.95,2166293.02,Youth,Services,Mobile,2024
2024_JULDEC_0414,Campaign_2024_JULDEC_0414,2024-11-02,2024-11-14,Search,Asia,22746328,761226,73882,1109157.78,1384715.18,Adults,Services,Mobile,2024
2024_JULDEC_0415,Campaign_2024_JULDEC_0415,2024-11-10,2024-11-30,Search,Asia,23074483,252889,37421,1525888.74,1825696.12,Adults,Electronics,Tablet,2024
2024_JULDEC_0416,Campaign_2024_JULDEC_0416,2024-11-12,2024-11-21,Search,North America,30788940,978213,97955,1378767.28,1539797.23,Adults,Home,Mobile,2024
2024_JULDEC_0417,Campaign_2024_JULDEC_0417,2024-11-03,2024-11-15,Search,Asia,25664898,896913,55342,1250880.52,1635105.95,Adults,Home,Desktop,2024
2024_JULDEC_0418,Campaign_2024_JULDEC_0418,2024-11-15,2024-11-23,Search,Africa,36443498,685112,38473,1632819.89,2603558.33,Seniors,Home,Desktop,2024
2024_JULDEC_0419,Campaign_2024_JULDEC_0419,2024-11-03,2024-11-10,Search,North America,22898005,844355,145902,1420806.22,1908730.83,Seniors,Clothing,Mobile,2024
2024_JULDEC_0420,Campaign_2024_JULDEC_0420,2024-11-11,2024-11-16,Search,Europe,34493507,1506130,96272,1418748.37,1663553.56,Adults,Services,Mobile,2024
2024_JULDEC_0421,Campaign_2024_JULDEC_0421,2024-11-09,2024-11-28,Social,South America,27314793,997634,172166,1328805.28,1494496.5,Adults,Home,Desktop,2024
2024_JULDEC_0422,Campaign_2024_JULDEC_0422,2024-11-07,2024-11-28,Social,Europe,25534694,1207088,120581,1192534.77,1761999.65,Adults,Home,Mobile,2024
2024_JULDEC_0423,Campaign_2024_JULDEC_0423,2024-11-10,2024-11-25,Social,North America,43262906,963048,120606,1880512.74,2497613.05,Seniors,Home,Tablet,2024
2024_JULDEC_0424,Campaign_2024_JULDEC_0424,2024-11-06,2024-11-30,Social,South America,29869009,500215,79094,1665461.67,2001388.47,Youth,Home,Mobile,2024
2024_JULDEC_0425,Campaign_2024_JULDEC_0425,2024-11-10,2024-11-16,Social,North America,22019358,426747,69946,1096089.0,1228938.43,Adults,Services,Mobile,2024
2024_JULDEC_0426,Campaign_2024_JULDEC_0426,2024-11-05,2024-11-21,Social,Africa,25966459,1117400,99990,1062385.3,1689918.31,Seniors,Services,Mobile,2024
2024_JULDEC_0427,Campaign_2024_JULDEC_0427,2024-11-10,2024-11-28,Social,North America,33469224,1119753,213111,1745938.76,2201763.58,Youth,Electronics,Desktop,2024
2024_JULDEC_0428,Campaign_2024_JULDEC_0428,2024-11-05,2024-11-16,Social,Europe,41460245,870326,124522,1989749.37,2521930.64,Seniors,Clothing,Mobile,2024
2024_JULDEC_0429,Campaign_2024_JULDEC_0429,2024-11-13,2024-11-30,Social,Europe,25266742,999438,188976,1568626.39,2284419.32,Seniors,Services,Desktop,2024
2024_JULDEC_0430,Campaign_2024_JULDEC_0430,2024-11-14,2024-11-22,Social,Africa,16756523,762195,104161,1105354.71,1275493.81,Youth,Home,Tablet,2024
2024_JULDEC_0431,Campaign_2024_JULDEC_0431,2024-11-08,2024-11-27,Social,Asia,23286370,829501,148865,1525484.15,2238696.94,Adults,Home,Mobile,2024
2024_JULDEC_0432,Campaign_2024_JULDEC_0432,2024-11-05,2024-11-21,Social,Africa,24563424,1156988,226071,1240026.11,1748820.62,Adults,Home,Desktop,2024
2024_JULDEC_0433,Campaign_2024_JULDEC_0433,2024-11-03,2024-11-24,Social,Africa,24740266,955821,170134,1497318.3,1954428.77,Seniors,Home,Tablet,2024
2024_JULDEC_0434,Campaign_2024_JULDEC_0434,2024-11-07,2024-11-17,Social,Africa,40835610,1078196,213210,1850194.04,2886212.9,Youth,Clothing,Mobile,2024
2024_JULDEC_0435,Campaign_2024_JULDEC_0435,2024-11-07,2024-11-28,Social,South America,41171575,1399979,179482,1773771.16,2572778.42,Adults,Home,Mobile,2024
2024_JULDEC_0436,Campaign_2024_JULDEC_0436,2024-11-11,2024-11-30,Social,Europe,23635439,1030364,93455,1091252.23,1279199.07,Adults,Home,Mobile,2024
2024_JULDEC_0437,Campaign_2024_JULDEC_0437,2024-11-05,2024-11-17,Social,South America,28928671,666745,54494,1807249.52,2338689.32,Adults,Electronics,Tablet,2024
2024_JULDEC_0438,Campaign_2024_JULDEC_0438,2024-11-02,2024-11-22,Social,South America,26276479,1009002,109266,1282892.7,1747282.74,Youth,Home,Mobile,2024
2024_JULDEC_0439,Campaign_2024_JULDEC_0439,2024-11-08,2024-11-22,Social,Africa,39579680,937411,66243,1708220.16,2251326.59,Youth,Services,Mobile,2024
2024_JULDEC_0440,Campaign_2024_JULDEC_0440,2024-11-10,2024-11-30,Social,Asia,20828354,1039343,119766,1042272.64,1269612.08,Adults,Home,Mobile,2024
2024_JULDEC_0441,Campaign_2024_JULDEC_0441,2024-11-03,2024-11-22,Display,Europe,24156258,998357,129382,1074097.67,1594947.16,Youth,Home,Desktop,2024
2024_JULDEC_0442,Campaign_2024_JULDEC_0442,2024-11-09,2024-11-28,Display,Asia,21566943,895626,67261,1178320.09,1585693.16,Adults,Travel,Tablet,2024
2024_JULDEC_0443,Campaign_2024_JULDEC_0443,2024-11-06,2024-11-22,Display,Africa,38141700,766842,123266,1685674.27,2427364.77,Adults,Home,Mobile,2024
2024_JULDEC_0444,Campaign_2024_JULDEC_0444,2024-11-11,2024-11-20,Display,South America,18697450,250536,28414,1212372.17,1531454.06,Seniors,Home,Tablet,2024
2024_JULDEC_0445,Campaign_2024_JULDEC_0445,2024-11-07,2024-11-21,Display,Africa,24911671,786243,153194,1179681.41,1648592.41,Seniors,Travel,Tablet,2024
2024_JULDEC_0446,Campaign_2024_JULDEC_0446,2024-11-11,2024-11-24,Display,Asia,20446846,892098,90827,1268176.0,1466232.91,Youth,Home,Mobile,2024
2024_JULDEC_0447,Campaign_2024_JULDEC_0447,2024-11-10,2024-11-19,Display,Africa,25644232,1236400,201582,1532499.54,1780615.35,Youth,Services,Desktop,2024
2024_JULDEC_0448,Campaign_2024_JULDEC_0448,2024-11-08,2024-11-21,Display,Africa,38684194,1170113,89995,1870710.52,2125262.56,Youth,Electronics,Desktop,2024
2024_JULDEC_0449,Campaign_2024_JULDEC_0449,2024-11-09,2024-11-15,Display,North America,31872011,589545,87146,1359161.83,2045274.09,Youth,Services,Desktop,2024
2024_JULDEC_0450,Campaign_2024_JULDEC_0450,2024-11-02,2024-11-14,Display,North America,30716100,606097,80767,1931218.41,2809254.69,Adults,Travel,Tablet,2024
2024_JULDEC_0451,Campaign_2024_JULDEC_0451,2024-11-10,2024-11-28,Display,North America,19404233,512448,80283,1258799.93,1416220.11,Seniors,Home,Tablet,2024
2024_JULDEC_0452,Campaign_2024_JULDEC_0452,2024-11-08,2024-11-21,Display,Africa,33735604,757365,64274,1458752.45,2071606.21,Adults,Electronics,Desktop,2024
2024_JULDEC_0453,Campaign_2024_JULDEC_0453,2024-11-11,2024-11-21,Display,South America,32545924,915769,75736,1397194.1,1597359.69,Seniors,Electronics,Tablet,2024
2024_JULDEC_0454,Campaign_2024_JULDEC_0454,2024-11-01,2024-11-12,Display,North America,26988723,717472,53846,1740570.11,2452939.05,Youth,Electronics,Tablet,2024
2024_JULDEC_0455,Campaign_2024_JULDEC_0455,2024-11-05,2024-11-19,Display,North America,20974380,857756,74571,1245428.34,1700128.32,Adults,Clothing,Tablet,2024
2024_JULDEC_0456,Campaign_2024_JULDEC_0456,2024-11-04,2024-11-22,Display,Asia,26701232,945025,62458,1081397.74,1450199.21,Youth,Travel,Tablet,2024
2024_JULDEC_0457,Campaign_2024_JULDEC_0457,2024-11-08,2024-11-17,Display,Asia,22963135,853149,51112,1514084.05,1822470.95,Seniors,Services,Tablet,2024
2024_JULDEC_0458,Campaign_2024_JULDEC_0458,2024-11-02,2024-11-25,Display,South America,31303556,1286108,158371,1552467.4,2180313.63,Adults,Home,Tablet,2024
2024_JULDEC_0459,Campaign_2024_JULDEC_0459,2024-11-02,2024-11-10,Display,South America,21310485,1007204,59611,1083733.33,1630464.38,Adults,Travel,Desktop,2024
2024_JULDEC_0460,Campaign_2024_JULDEC_0460,2024-11-15,2024-11-27,Display,North America,39755672,1855728,211919,1604752.48,2500785.0,Adults,Electronics,Desktop,2024
2024_JULDEC_0461,Campaign_2024_JULDEC_0461,2024-11-11,2024-11-19,Print,Africa,25031879,1065557,59480,1409776.3,1792814.06,Seniors,Clothing,Tablet,2024
2024_JULDEC_0462,Campaign_2024_JULDEC_0462,2024-11-09,2024-11-17,Print,Africa,23551740,973122,171542,1370867.67,2024823.86,Adults,Clothing,Desktop,2024
2024_JULDEC_0463,Campaign_2024_JULDEC_0463,2024-11-07,2024-11-29,Print,Africa,23748081,558519,46473,1157733.86,1427129.91,Adults,Clothing,Mobile,2024
2024_JULDEC_0464,Campaign_2024_JULDEC_0464,2024-11-08,2024-11-21,Print,Africa,31235411,1227887,232782,1358299.44,1774706.49,Adults,Services,Desktop,2024
2024_JULDEC_0465,Campaign_2024_JULDEC_0465,2024-11-13,2024-11-23,Print,Europe,30036449,1454947,80097,1877049.43,2841228.25,Seniors,Home,Desktop,2024
2024_JULDEC_0466,Campaign_2024_JULDEC_0466,2024-11-15,2024-11-30,Print,South America,15678761,232358,40713,1029822.95,1538400.42,Youth,Clothing,Mobile,2024
2024_JULDEC_0467,Campaign_2024_JULDEC_0467,2024-11-08,2024-11-23,Print,North America,47782378,913857,68305,1948802.93,2940657.71,Adults,Clothing,Tablet,2024
2024_JULDEC_0468,Campaign_2024_JULDEC_0468,2024-11-14,2024-11-30,Print,Asia,40738212,861565,143010,1936805.78,2161674.39,Seniors,Travel,Mobile,2024
2024_JULDEC_0469,Campaign_2024_JULDEC_0469,2024-11-04,2024-11-21,Print,North America,28976047,1252046,157159,1164523.55,1650308.37,Youth,Services,Tablet,2024
2024_JULDEC_0470,Campaign_2024_JULDEC_0470,2024-11-11,2024-11-30,Print,Asia,26254597,354278,22360,1253961.36,1590745.14,Youth,Home,Mobile,2024
2024_JULDEC_0471,Campaign_2024_JULDEC_0471,2024-11-07,2024-11-24,Print,Africa,23297239,347043,22025,1380176.32,1894533.4,Seniors,Electronics,Tablet,2024
2024_JULDEC_0472,Campaign_2024_JULDEC_0472,2024-11-05,2024-11-24,Print,Africa,30108951,1140174,152404,1817057.49,2874914.55,Youth,Travel,Desktop,2024
2024_JULDEC_0473,Campaign_2024_JULDEC_0473,2024-11-15,2024-11-27,Print,Europe,27559007,775974,82241,1315766.13,1772335.56,Adults,Electronics,Tablet,2024
2024_JULDEC_0474,Campaign_2024_JULDEC_0474,2024-11-15,2024-11-27,Print,South America,35846688,696137,43904,1762570.65,2356674.29,Youth,Electronics,Desktop,2024
2024_JULDEC_0475,Campaign_2024_JULDEC_0475,2024-11-06,2024-11-21,Print,Africa,37499610,1093089,169163,1780966.17,2593505.82,Youth,Clothing,Mobile,2024
2024_JULDEC_0476,Campaign_2024_JULDEC_0476,2024-11-11,2024-11-23,Print,Asia,32127761,1102708,86533,1613257.79,2131990.04,Adults,Clothing,Mobile,2024
2024_JULDEC_0477,Campaign_2024_JULDEC_0477,2024-11-04,2024-11-25,Print,Asia,43896631,1708367,245032,1911919.92,2752666.95,Seniors,Electronics,Tablet,2024
2024_JULDEC_0478,Campaign_2024_JULDEC_0478,2024-11-09,2024-11-26,Print,South America,23286008,620936,120967,1138142.85,1527549.86,Adults,Clothing,Tablet,2024
2024_JULDEC_0479,Campaign_2024_JULDEC_0479,2024-11-06,2024-11-11,Print,Africa,33114394,1360176,102731,1395005.86,2171353.47,Adults,Electronics,Desktop,2024
2024_JULDEC_0480,Campaign_2024_JULDEC_0480,2024-11-13,2024-11-29,Print,Europe,35736351,531165,101353,1501623.23,1872319.87,Seniors,Services,Mobile,2024
2024_JULDEC_0481,Campaign_2024_JULDEC_0481,2024-11-15,2024-11-30,Email,South America,31970382,373615,67112,1554157.28,2466863.38,Adults,Electronics,Tablet,2024
2024_JULDEC_0482,Campaign_2024_JULDEC_0482,2024-11-04,2024-11-23,Email,South America,38852567,1287641,88553,1651221.09,2267442.01,Youth,Services,Tablet,2024
2024_JULDEC_0483,Campaign_2024_JULDEC_0483,2024-11-06,2024-11-11,Email,Africa,23347734,1106604,147568,1129681.49,1263584.51,Seniors,Electronics,Tablet,2024
2024_JULDEC_0484,Campaign_2024_JULDEC_0484,2024-11-14,2024-11-30,Email,Africa,44758184,702609,84981,1818337.11,2318369.47,Seniors,Travel,Mobile,2024
2024_JULDEC_0485,Campaign_2024_JULDEC_0485,2024-11-14,2024-11-30,Email,North America,39653316,1788480,219554,1640539.96,2307407.54,Youth,Travel,Tablet,2024
2024_JULDEC_0486,Campaign_2024_JULDEC_0486,2024-11-14,2024-11-26,Email,Europe,34279823,699229,84535,1552959.53,1723992.63,Adults,Travel,Mobile,2024
2024_JULDEC_0487,Campaign_2024_JULDEC_0487,2024-11-12,2024-11-29,Email,Africa,34693626,965652,121767,1694356.97,2185009.9,Adults,Travel,Mobile,2024
2024_JULDEC_0488,Campaign_2024_JULDEC_0488,2024-11-06,2024-11-16,Email,South America,26681280,643834,42801,1560640.35,2400770.32,Adults,Electronics,Mobile,2024
2024_JULDEC_0489,Campaign_2024_JULDEC_0489,2024-11-11,2024-11-22,Email,Asia,28635393,543877,34940,1159855.83,1811980.71,Youth,Electronics,Mobile,2024
2024_JULDEC_0490,Campaign_2024_JULDEC_0490,2024-11-10,2024-11-16,Email,South America,18346669,616323,120135,1001985.63,1166956.93,Seniors,Services,Tablet,2024
2024_JULDEC_0491,Campaign_2024_JULDEC_0491,2024-11-04,2024-11-13,Email,Africa,29115002,584219,89593,1392348.43,2142685.65,Youth,Travel,Mobile,2024
2024_JULDEC_0492,Campaign_2024_JULDEC_0492,2024-11-12,2024-11-20,Email,Europe,33754958,1339440,259017,1987910.55,2558546.64,Adults,Electronics,Desktop,2024
2024_JULDEC_0493,Campaign_2024_JULDEC_0493,2024-11-10,2024-11-25,Email,North America,21991290,454175,89709,1190371.81,1883425.28,Adults,Clothing,Desktop,2024
2024_JULDEC_0494,Campaign_2024_JULDEC_0494,2024-11-08,2024-11-27,Email,North America,38472584,1091662,141405,1848064.42,2903163.97,Youth,Travel,Desktop,2024
2024_JULDEC_0495,Campaign_2024_JULDEC_0495,2024-11-07,2024-11-27,Email,North America,23635778,1067967,105230,1116192.36,1382617.73,Seniors,Electronics,Desktop,2024
2024_JULDEC_0496,Campaign_2024_JULDEC_0496,2024-11-10,2024-11-30,Email,North America,31404345,840730,113174,1976560.64,2284709.67,Seniors,Services,Tablet,2024
2024_JULDEC_0497,Campaign_2024_JULDEC_0497,2024-11-13,2024-11-30,Email,South America,21885882,566591,66531,1012435.15,1355978.31,Seniors,Home,Tablet,2024
2024_JULDEC_0498,Campaign_2024_JULDEC_0498,2024-11-12,2024-11-30,Email,Africa,36888293,636265,119823,1816844.79,2136646.29,Seniors,Services,Mobile,2024
2024_JULDEC_0499,Campaign_2024_JULDEC_0499,2024-11-15,2024-11-30,Email,South America,29348351,1034991,198337,1320645.32,2110892.05,Seniors,Electronics,Tablet,2024
2024_JULDEC_0500,Campaign_2024_JULDEC_0500,2024-11-14,2024-11-30,Email,Africa,44451951,1555196,233333,1913999.31,2619669.22,Youth,Home,Desktop,2024
2024_JULDEC_0501,Campaign_2024_JULDEC_0501,2024-12-05,2024-12-15,Search,North America,21116330,669812,94900,1289776.46,1720793.5,Seniors,Electronics,Mobile,2024
2024_JULDEC_0502,Campaign_2024_JULDEC_0502,2024-12-07,2024-12-31,Search,Asia,28349853,1146411,91592,1814828.73,2060478.74,Seniors,Clothing,Tablet,2024
2024_JULDEC_0503,Campaign_2024_JULDEC_0503,2024-12-15,2024-12-20,Search,Africa,31152399,398550,70089,1827762.72,2696287.43,Youth,Services,Tablet,2024
2024_JULDEC_0504,Campaign_2024_JULDEC_0504,2024-12-10,2024-12-19,Search,Europe,24696067,609346,70896,1164404.57,1497414.58,Adults,Services,Mobile,2024
2024_JULDEC_0505,Campaign_2024_JULDEC_0505,2024-12-13,2024-12-20,Search,Africa,21312577,612129,70744,1222522.03,1921775.66,Adults,Travel,Tablet,2024
2024_JULDEC_0506,Campaign_2024_JULDEC_0506,2024-12-06,2024-12-17,Search,Asia,26540995,964832,51790,1666272.17,2133160.59,Adults,Services,Desktop,2024
2024_JULDEC_0507,Campaign_2024_JULDEC_0507,2024-12-01,2024-12-15,Search,Asia,20313907,647589,101811,1094215.31,1450057.8,Seniors,Travel,Mobile,2024
2024_JULDEC_0508,Campaign_2024_JULDEC_0508,2024-12-03,2024-12-25,Search,North America,18507525,267411,52396,1012643.36,1510685.09,Youth,Clothing,Tablet,2024
2024_JULDEC_0509,Campaign_2024_JULDEC_0509,2024-12-02,2024-12-23,Search,North America,26559262,635655,73773,1098660.6,1622601.38,Youth,Clothing,Mobile,2024
2024_JULDEC_0510,Campaign_2024_JULDEC_0510,2024-12-14,2024-12-29,Search,Asia,22011307,618196,78051,1429424.2,1618378.21,Youth,Travel,Tablet,2024
2024_JULDEC_0511,Campaign_2024_JULDEC_0511,2024-12-12,2024-12-31,Search,Africa,35783306,1679576,241667,1520150.94,1730197.27,Seniors,Home,Mobile,2024
2024_JULDEC_0512,Campaign_2024_JULDEC_0512,2024-12-11,2024-12-31,Search,Europe,17931243,424588,23276,1070838.88,1624189.78,Youth,Electronics,Desktop,2024
2024_JULDEC_0513,Campaign_2024_JULDEC_0513,2024-12-06,2024-12-14,Search,Europe,27309150,398947,24159,1415569.82,1822330.35,Adults,Travel,Tablet,2024
2024_JULDEC_0514,Campaign_2024_JULDEC_0514,2024-12-05,2024-12-17,Search,Asia,17795414,550538,96319,1130663.82,1548436.42,Adults,Travel,Tablet,2024
2024_JULDEC_0515,Campaign_2024_JULDEC_0515,2024-12-14,2024-12-31,Search,Asia,33999548,1419876,148803,1685450.17,2277881.6,Adults,Home,Mobile,2024
2024_JULDEC_0516,Campaign_2024_JULDEC_0516,2024-12-06,2024-12-28,Search,Africa,41633853,563758,89655,1699858.34,1870879.25,Youth,Electronics,Tablet,2024
2024_JULDEC_0517,Campaign_2024_JULDEC_0517,2024-12-16,2024-12-31,Search,South America,21129163,792690,45404,1122276.53,1417948.06,Seniors,Home,Tablet,2024
2024_JULDEC_0518,Campaign_2024_JULDEC_0518,2024-12-11,2024-12-29,Search,South America,23458514,422027,39074,1304894.89,1655147.68,Youth,Services,Desktop,2024
2024_JULDEC_0519,Campaign_2024_JULDEC_0519,2024-12-09,2024-12-30,Search,Africa,30702259,1104642,162006,1295345.71,1656986.22,Youth,Home,Desktop,2024
2024_JULDEC_0520,Campaign_2024_JULDEC_0520,2024-12-16,2024-12-30,Search,South America,27122658,1182809,130138,1269891.2,1747518.12,Youth,Electronics,Mobile,2024
2024_JULDEC_0521,Campaign_2024_JULDEC_0521,2024-12-15,2024-12-31,Social,Europe,18759203,559334,79866,1188978.91,1874990.17,Adults,Home,Desktop,2024
2024_JULDEC_0522,Campaign_2024_JULDEC_0522,2024-12-11,2024-12-21,Social,South America,24703004,1071384,173826,1398783.72,1846579.49,Youth,Electronics,Tablet,2024
2024_JULDEC_0523,Campaign_2024_JULDEC_0523,2024-12-08,2024-12-17,Social,South America,25558743,724212,124150,1562821.46,2360092.46,Youth,Services,Mobile,2024
2024_JULDEC_0524,Campaign_2024_JULDEC_0524,2024-12-16,2024-12-25,Social,Europe,35178910,1062002,175000,1736126.65,2478411.21,Youth,Electronics,Mobile,2024
2024_JULDEC_0525,Campaign_2024_JULDEC_0525,2024-12-13,2024-12-18,Social,Africa,28656828,1083651,158717,1505315.48,2054143.45,Seniors,Home,Desktop,2024
2024_JULDEC_0526,Campaign_2024_JULDEC_0526,2024-12-02,2024-12-10,Social,Europe,23397905,507952,75361,1347694.71,1566640.71,Youth,Home,Desktop,2024
2024_JULDEC_0527,Campaign_2024_JULDEC_0527,2024-12-10,2024-12-24,Social,Europe,32645525,1011739,147240,1975112.07,2698369.99,Adults,Travel,Desktop,2024
2024_JULDEC_0528,Campaign_2024_JULDEC_0528,2024-12-09,2024-12-31,Social,North America,35439291,545616,59023,1475398.66,1644471.48,Adults,Travel,Tablet,2024
2024_JULDEC_0529,Campaign_2024_JULDEC_0529,2024-12-15,2024-12-31,Social,Africa,28978928,1124847,124567,1242010.6,1614809.74,Adults,Travel,Tablet,2024
2024_JULDEC_0530,Campaign_2024_JULDEC_0530,2024-12-03,2024-12-19,Social,Africa,22527394,432301,69734,1220521.18,1745499.83,Adults,Home,Mobile,2024
2024_JULDEC_0531,Campaign_2024_JULDEC_0531,2024-12-01,2024-12-24,Social,South America,29624643,1361941,123777,1341711.49,1690493.58,Seniors,Services,Mobile,2024
2024_JULDEC_0532,Campaign_2024_JULDEC_0532,2024-12-13,2024-12-31,Social,South America,32932225,1304271,240811,1720717.26,2444058.2,Adults,Electronics,Mobile,2024
2024_JULDEC_0533,Campaign_2024_JULDEC_0533,2024-12-03,2024-12-16,Social,Asia,28884330,310495,59848,1769012.5,2346568.08,Youth,Services,Mobile,2024
2024_JULDEC_0534,Campaign_2024_JULDEC_0534,2024-12-08,2024-12-28,Social,Asia,28259002,987623,50032,1412509.5,1928491.79,Adults,Electronics,Tablet,2024
2024_JULDEC_0535,Campaign_2024_JULDEC_0535,2024-12-04,2024-12-14,Social,Europe,34625331,1521015,112389,1667114.96,2108075.24,Seniors,Electronics,Desktop,2024
2024_JULDEC_0536,Campaign_2024_JULDEC_0536,2024-12-12,2024-12-31,Social,Africa,27556501,690194,76687,1364656.42,1702898.81,Adults,Electronics,Mobile,2024
2024_JULDEC_0537,Campaign_2024_JULDEC_0537,2024-12-13,2024-12-31,Social,Europe,37594922,704605,109631,1605756.34,2221606.12,Adults,Electronics,Tablet,2024
2024_JULDEC_0538,Campaign_2024_JULDEC_0538,2024-12-11,2024-12-29,Social,Africa,46132430,1597296,319184,1987848.11,2204728.66,Youth,Home,Mobile,2024
2024_JULDEC_0539,Campaign_2024_JULDEC_0539,2024-12-03,2024-12-18,Social,Africa,25364124,1052995,174512,1605651.15,2127525.23,Seniors,Services,Desktop,2024
2024_JULDEC_0540,Campaign_2024_JULDEC_0540,2024-12-03,2024-12-26,Social,Africa,35826555,1539204,143626,1623613.91,1795427.94,Youth,Services,Desktop,2024
2024_JULDEC_0541,Campaign_2024_JULDEC_0541,2024-12-15,2024-12-26,Display,Africa,33367830,1628552,166741,1635675.15,2037046.91,Adults,Electronics,Tablet,2024
2024_JULDEC_0542,Campaign_2024_JULDEC_0542,2024-12-07,2024-12-24,Display,Europe,30043315,972498,167511,1746038.68,2170990.15,Seniors,Electronics,Tablet,2024
2024_JULDEC_0543,Campaign_2024_JULDEC_0543,2024-12-02,2024-12-07,Display,South America,40900122,443639,54973,1745922.23,2566450.23,Adults,Travel,Mobile,2024
2024_JULDEC_0544,Campaign_2024_JULDEC_0544,2024-12-12,2024-12-23,Display,South America,34926316,1271367,99822,1682163.07,2665506.02,Youth,Home,Tablet,2024
2024_JULDEC_0545,Campaign_2024_JULDEC_0545,2024-12-15,2024-12-27,Display,Europe,21391184,1040543,164145,1336328.97,1802758.69,Youth,Travel,Tablet,2024
2024_JULDEC_0546,Campaign_2024_JULDEC_0546,2024-12-11,2024-12-28,Display,Asia,22833998,519033,76508,1457510.1,2292995.39,Adults,Electronics,Tablet,2024
2024_JULDEC_0547,Campaign_2024_JULDEC_0547,2024-12-03,2024-12-17,Display,Asia,32713237,1574766,290544,1820784.31,2176290.76,Adults,Home,Desktop,2024
2024_JULDEC_0548,Campaign_2024_JULDEC_0548,2024-12-13,2024-12-19,Display,Africa,24462441,1123644,198097,1266669.44,1955266.79,Youth,Home,Tablet,2024
2024_JULDEC_0549,Campaign_2024_JULDEC_0549,2024-12-04,2024-12-15,Display,Asia,37925530,1255311,120102,1567689.59,1828046.38,Seniors,Electronics,Tablet,2024
2024_JULDEC_0550,Campaign_2024_JULDEC_0550,2024-12-15,2024-12-23,Display,North America,33333710,865516,95571,1977855.62,2854834.98,Adults,Home,Tablet,2024
2024_JULDEC_0551,Campaign_2024_JULDEC_0551,2024-12-08,2024-12-31,Display,Africa,34608543,1103377,102959,1511590.0,2246602.7,Youth,Clothing,Desktop,2024
2024_JULDEC_0552,Campaign_2024_JULDEC_0552,2024-12-11,2024-12-31,Display,Europe,35925424,1465170,81575,1493496.26,2034672.03,Youth,Home,Mobile,2024
2024_JULDEC_0553,Campaign_2024_JULDEC_0553,2024-12-09,2024-12-19,Display,Europe,25590095,1021340,104242,1218816.68,1837118.39,Youth,Home,Mobile,2024
2024_JULDEC_0554,Campaign_2024_JULDEC_0554,2024-12-04,2024-12-14,Display,North America,29314541,757010,91395,1499161.89,2005690.82,Seniors,Clothing,Mobile,2024
2024_JULDEC_0555,Campaign_2024_JULDEC_0555,2024-12-08,2024-12-18,Display,South America,33073352,754244,71827,1456653.92,2274606.47,Seniors,Electronics,Mobile,2024
2024_JULDEC_0556,Campaign_2024_JULDEC_0556,2024-12-16,2024-12-31,Display,Asia,24179828,263768,51355,1423406.01,2267963.17,Seniors,Services,Desktop,2024
2024_JULDEC_0557,Campaign_2024_JULDEC_0557,2024-12-03,2024-12-24,Display,North America,29310097,1414715,199608,1359725.57,1698319.9,Seniors,Electronics,Tablet,2024
2024_JULDEC_0558,Campaign_2024_JULDEC_0558,2024-12-12,2024-12-17,Display,Asia,32222712,324302,45395,1302342.83,1452537.91,Adults,Travel,Desktop,2024
2024_JULDEC_0559,Campaign_2024_JULDEC_0559,2024-12-13,2024-12-25,Display,Africa,24939427,1073714,146980,1209810.85,1592616.51,Youth,Home,Desktop,2024
2024_JULDEC_0560,Campaign_2024_JULDEC_0560,2024-12-14,2024-12-26,Display,Africa,26858286,585654,76540,1614191.33,1972066.54,Seniors,Home,Tablet,2024
2024_JULDEC_0561,Campaign_2024_JULDEC_0561,2024-12-08,2024-12-28,Print,North America,38386073,1112912,79218,1580831.14,2032146.87,Seniors,Electronics,Mobile,2024
2024_JULDEC_0562,Campaign_2024_JULDEC_0562,2024-12-06,2024-12-13,Print,Asia,26207667,922915,50681,1300558.94,1626285.96,Adults,Travel,Tablet,2024
2024_JULDEC_0563,Campaign_2024_JULDEC_0563,2024-12-11,2024-12-19,Print,Europe,27340649,1083520,70774,1142160.47,1550930.9,Youth,Services,Desktop,2024
2024_JULDEC_0564,Campaign_2024_JULDEC_0564,2024-12-09,2024-12-26,Print,North America,26735712,990676,194809,1159382.56,1281774.75,Youth,Clothing,Mobile,2024
2024_JULDEC_0565,Campaign_2024_JULDEC_0565,2024-12-13,2024-12-28,Print,Africa,24821869,251844,44733,1044708.34,1438141.88,Seniors,Home,Desktop,2024
2024_JULDEC_0566,Campaign_2024_JULDEC_0566,2024-12-10,2024-12-15,Print,North America,41211604,1084209,206217,1892446.15,2911545.61,Seniors,Electronics,Desktop,2024
2024_JULDEC_0567,Campaign_2024_JULDEC_0567,2024-12-11,2024-12-31,Print,Europe,46281133,611237,79700,1880095.24,2835367.18,Adults,Travel,Mobile,2024
2024_JULDEC_0568,Campaign_2024_JULDEC_0568,2024-12-02,2024-12-16,Print,North America,31164014,888691,127490,1413874.43,2250910.38,Seniors,Services,Mobile,2024
2024_JULDEC_0569,Campaign_2024_JULDEC_0569,2024-12-07,2024-12-25,Print,Asia,27041591,1059873,125751,1086569.45,1239781.49,Youth,Clothing,Desktop,2024
2024_JULDEC_0570,Campaign_2024_JULDEC_0570,2024-12-16,2024-12-31,Print,Africa,25192195,1253424,113869,1555477.31,2012709.99,Youth,Home,Mobile,2024
2024_JULDEC_0571,Campaign_2024_JULDEC_0571,2024-12-09,2024-12-26,Print,South America,20889707,725170,142218,1081082.49,1489900.61,Seniors,Electronics,Mobile,2024
2024_JULDEC_0572,Campaign_2024_JULDEC_0572,2024-12-10,2024-12-31,Print,Europe,33453378,986107,49912,1844709.06,2417154.03,Adults,Electronics,Desktop,2024
2024_JULDEC_0573,Campaign_2024_JULDEC_0573,2024-12-10,2024-12-19,Print,Asia,31341045,920346,166899,1411968.86,2168696.62,Seniors,Services,Mobile,2024
2024_JULDEC_0574,Campaign_2024_JULDEC_0574,2024-12-06,2024-12-29,Print,Europe,24441008,1156933,167149,1206416.78,1928896.83,Seniors,Travel,Tablet,2024
2024_JULDEC_0575,Campaign_2024_JULDEC_0575,2024-12-10,2024-12-21,Print,North America,24830974,1231006,105740,1580821.86,2336869.91,Youth,Home,Mobile,2024
2024_JULDEC_0576,Campaign_2024_JULDEC_0576,2024-12-10,2024-12-28,Print,Europe,26762107,1171076,91691,1212313.01,1811632.74,Seniors,Home,Desktop,2024
2024_JULDEC_0577,Campaign_2024_JULDEC_0577,2024-12-10,2024-12-25,Print,North America,36831315,1341348,156349,1855928.9,2391019.06,Seniors,Travel,Desktop,2024
2024_JULDEC_0578,Campaign_2024_JULDEC_0578,2024-12-12,2024-12-17,Print,North America,28997455,1366776,250943,1732165.18,2335401.69,Youth,Electronics,Mobile,2024
2024_JULDEC_0579,Campaign_2024_JULDEC_0579,2024-12-15,2024-12-31,Print,Africa,29259456,1361167,75681,1288641.95,1853765.16,Adults,Home,Desktop,2024
2024_JULDEC_0580,Campaign_2024_JULDEC_0580,2024-12-02,2024-12-09,Print,North America,23735003,488459,26861,1417298.25,1833200.8,Seniors,Home,Mobile,2024
2024_JULDEC_0581,Campaign_2024_JULDEC_0581,2024-12-04,2024-12-25,Email,Asia,21341958,952912,71102,1248841.31,1616517.83,Seniors,Clothing,Desktop,2024
2024_JULDEC_0582,Campaign_2024_JULDEC_0582,2024-12-02,2024-12-09,Email,North America,38282107,883022,71689,1746400.55,2255535.19,Adults,Home,Mobile,2024
2024_JULDEC_0583,Campaign_2024_JULDEC_0583,2024-12-13,2024-12-31,Email,North America,24111106,276434,44955,1087274.36,1434591.66,Adults,Electronics,Desktop,2024
2024_JULDEC_0584,Campaign_2024_JULDEC_0584,2024-12-10,2024-12-17,Email,South America,29971074,525076,79078,1337677.56,2007174.39,Youth,Travel,Desktop,2024
2024_JULDEC_0585,Campaign_2024_JULDEC_0585,2024-12-07,2024-12-24,Email,Europe,47908692,1863565,105223,1938470.64,2391574.47,Seniors,Electronics,Tablet,2024
2024_JULDEC_0586,Campaign_2024_JULDEC_0586,2024-12-07,2024-12-24,Email,South America,20763806,936384,90015,1313440.22,1497934.25,Adults,Services,Tablet,2024
2024_JULDEC_0587,Campaign_2024_JULDEC_0587,2024-12-11,2024-12-27,Email,Africa,37209473,1272283,75465,1747788.96,2128022.06,Adults,Travel,Mobile,2024
2024_JULDEC_0588,Campaign_2024_JULDEC_0588,2024-12-06,2024-12-27,Email,South America,27850020,617912,102122,1735233.45,2144305.5,Adults,Services,Tablet,2024
2024_JULDEC_0589,Campaign_2024_JULDEC_0589,2024-12-03,2024-12-13,Email,Africa,40954386,509167,34015,1807558.11,2740014.36,Adults,Home,Desktop,2024
2024_JULDEC_0590,Campaign_2024_JULDEC_0590,2024-12-02,2024-12-23,Email,South America,18158739,392766,59055,1091306.49,1626838.71,Seniors,Services,Desktop,2024
2024_JULDEC_0591,Campaign_2024_JULDEC_0591,2024-12-11,2024-12-31,Email,North America,26947445,271396,20388,1258317.6,1619111.82,Youth,Services,Desktop,2024
2024_JULDEC_0592,Campaign_2024_JULDEC_0592,2024-12-15,2024-12-31,Email,Africa,22004154,261043,30385,1083194.09,1308799.52,Adults,Services,Mobile,2024
2024_JULDEC_0593,Campaign_2024_JULDEC_0593,2024-12-14,2024-12-24,Email,South America,22105894,1091352,54991,1027485.06,1606725.68,Seniors,Services,Desktop,2024
2024_JULDEC_0594,Campaign_2024_JULDEC_0594,2024-12-07,2024-12-21,Email,Africa,28150537,1355868,121434,1170757.87,1616657.82,Adults,Services,Mobile,2024
2024_JULDEC_0595,Campaign_2024_JULDEC_0595,2024-12-09,2024-12-31,Email,Africa,32414406,398635,63176,1545185.52,1858769.42,Youth,Home,Tablet,2024
2024_JULDEC_0596,Campaign_2024_JULDEC_0596,2024-12-14,2024-12-25,Email,South America,27615899,1349044,160925,1113853.49,1228086.56,Youth,Travel,Tablet,2024
2024_JULDEC_0597,Campaign_2024_JULDEC_0597,2024-12-05,2024-12-10,Email,South America,32878156,896550,95057,1874919.23,2379258.54,Youth,Home,Mobile,2024
2024_JULDEC_0598,Campaign_2024_JULDEC_0598,2024-12-02,2024-12-21,Email,North America,28796794,388349,31115,1570756.81,2015927.66,Seniors,Electronics,Mobile,2024
2024_JULDEC_0599,Campaign_2024_JULDEC_0599,2024-12-13,2024-12-31,Email,Africa,46876404,1121159,116281,1957492.72,2615715.27,Youth,Clothing,Desktop,2024
2024_JULDEC_0600,Campaign_2024_JULDEC_0600,2024-12-01,2024-12-15,Email,Asia,23844335,585434,32150,1175437.35,1405863.84,Youth,Clothing,Desktop,2024
